,Unnamed: 0,Title,O*NET-SOC Code,Weighted_Labelscore,Sum_Importance_Scores,Absolute_AGI_Importance_Score,Absolute_Non_AGI_Importance_Score,Augmentation_Score,A0,A1,A2,A3,A4,P,Augmentation Rank,Automation Score,Automation Rank,AII,AII Rank,Auto-AII Rank-Diff,Aug-AII Rank-Diff
0,446,Medical Dosimetrists,29-2036.00,8.29,79.14,15.13,64.01,0.3092606462100891,1,1,1,2,0,14,482,0.1047510740459944,899,0.7368421052631579,1,-898,-481
1,878,Air Traffic Controllers,53-2021.00,22.5225,102.89,30.03,72.86,0.4133597256792545,0,0,0,7,0,16,337,0.218898823986782,839,0.6956521739130435,2,-837,-335
2,342,Special Effects Artists and Animators,27-1014.00,13.51,48.1,16.58,31.52,0.4517629159625003,0,0,0,3,1,9,247,0.2808731808731808,773,0.6923076923076923,3,-770,-244
3,619,Public Safety Telecommunicators,43-5031.00,25.5175,82.13,35.72,46.41,0.4915292518599035,0,1,1,4,2,10,90,0.3106964568367222,737,0.5555555555555556,4,-733,-86
4,178,Solar Energy Systems Engineers,17-2199.11,16.2625,48.76,22.87,25.89,0.498081965139058,0,0,1,5,0,7,42,0.3335213289581624,710,0.5384615384615384,5,-705,-37
5,441,Cardiovascular Technologists and Technicians,29-2031.00,21.215,94.45,34.21,60.24,0.4620235455274343,2,1,4,1,2,11,216,0.2246161990471148,832,0.5238095238095238,6,-826,-210
6,461,Ophthalmic Medical Technologists,29-2099.05,28.6275,130.34,51.31,79.03,0.4773847692731907,2,3,4,6,0,16,162,0.2196371029614853,838,0.5161290322580645,7,-831,-155
7,454,Ophthalmic Medical Technicians,29-2057.00,15.1525,87.25,31.08,56.17,0.4586533378215286,2,3,3,2,0,10,224,0.1736676217765043,868,0.5,8,-860,-216
8,445,Magnetic Resonance Imaging Technologists,29-2035.00,27.6325,106.62,47.89,58.73,0.4948316583778336,2,3,2,6,0,11,73,0.2591680735321703,795,0.4583333333333333,9,-786,-64
9,240,Precision Agriculture Technicians,19-4012.01,31.175,83.08,40.74,42.34,0.4998145542033724,1,1,2,4,4,10,11,0.3752407318247472,665,0.4545454545454545,10,-655,-1
10,173,Microsystems Engineers,17-2199.06,31.6175,93.78,42.23,51.55,0.4950616556238649,2,0,4,7,4,14,71,0.3371454467903604,707,0.4516129032258064,11,-696,-60
11,839,"Separating, Filtering, Clarifying, Precipitating, and Still Machine Setters, Operators, and Tenders",51-9012.00,17.9425,79.37,35.18,44.19,0.493556722653159,2,3,3,3,0,9,84,0.2260614841879803,830,0.45,12,-818,-72
12,634,Desktop Publishers,43-9031.00,30.6625,73.78,41.02,32.76,0.4937330995322778,0,2,2,1,5,8,82,0.4155936568175657,606,0.4444444444444444,13,-593,-69
13,911,Industrial Truck and Tractor Operators,53-7051.00,10.565,38.49,16.48,22.01,0.4896789366256086,1,1,0,3,0,4,104,0.2744868797090153,782,0.4444444444444444,14,-768,-90
14,177,Wind Energy Engineers,17-2199.10,22.4775,53.56,29.97,23.59,0.4929053622552248,0,0,0,9,0,7,86,0.4196695294996265,601,0.4375,15,-586,-71
15,450,Pharmacy Technicians,29-2052.00,35.9125,93.38,47.95,45.43,0.499635864226807,1,0,2,7,2,9,21,0.3845844934675519,653,0.4285714285714285,16,-637,-5
16,61,"Insurance Appraisers, Auto Damage",13-1032.00,11.1225,31.0,17.55,13.45,0.4912539021852237,0,0,2,2,0,3,91,0.3587903225806452,683,0.4285714285714285,17,-666,-74
17,828,Power Distributors and Dispatchers,51-8012.00,25.5175,62.36,35.32,27.04,0.491185078179998,0,0,1,7,0,6,92,0.409196600384862,616,0.4285714285714285,18,-598,-74
18,482,Pharmacy Aides,31-9095.00,16.83,58.08,24.72,33.36,0.4889351820230858,2,1,1,3,1,6,110,0.2897727272727272,764,0.4285714285714285,19,-745,-91
19,374,Sound Engineering Technicians,27-4014.00,12.1575,59.27,24.88,34.39,0.4871275508849029,2,1,4,1,0,6,125,0.2051206343850177,847,0.4285714285714285,20,-827,-105
20,443,Nuclear Medicine Technologists,29-2033.00,26.7475,77.42,40.03,37.39,0.4994186046899621,1,0,3,6,0,7,24,0.3454856626194782,691,0.4117647058823529,21,-670,-3
21,456,Medical Records Specialists,29-2072.00,7.5,17.0,10.0,7.0,0.4844290657439446,0,0,0,10,0,7,135,0.4411764705882353,565,0.4117647058823529,22,-543,-113
22,804,Prepress Technicians and Workers,51-5111.00,18.575,63.65,34.63,29.02,0.4961158239068846,1,2,4,1,1,6,60,0.2918303220738413,762,0.4,23,-739,-37
23,618,Couriers and Messengers,43-5021.00,14.1925,64.42,26.21,38.21,0.4826503365208199,3,0,5,1,0,6,139,0.2203120149022042,836,0.4,24,-812,-115
24,685,Solar Photovoltaic Installers,47-2231.00,35.67,110.31,58.81,51.5,0.4978042899531349,2,3,3,7,1,10,47,0.3233614359532227,726,0.3846153846153846,25,-701,-22
25,581,Solar Sales Representatives and Assessors,41-4011.07,25.12,56.21,34.65,21.56,0.4728842184274724,0,1,1,4,2,5,176,0.4468955701832414,555,0.3846153846153846,26,-529,-150
26,718,Avionics Technicians,49-2091.00,10.735,52.2,17.28,34.92,0.4429013079667063,4,1,0,3,0,5,277,0.2056513409961685,846,0.3846153846153846,27,-819,-250
27,859,Computer Numerically Controlled Tool Programmers,51-9162.00,31.055,64.05,35.14,28.91,0.4952694914748126,1,0,0,4,5,6,69,0.484855581576893,501,0.375,28,-473,-41
28,193,Non-Destructive Testing Specialists,17-3029.01,28.2525,71.51,40.67,30.84,0.4905519216972529,1,0,2,7,0,6,98,0.3950846035519507,638,0.375,29,-609,-69
29,876,"Airline Pilots, Copilots, and Flight Engineers",53-2011.00,42.0525,102.81,58.55,44.26,0.4903402976685835,1,1,0,13,0,9,100,0.4090312226437117,617,0.375,30,-587,-70
30,877,Commercial Pilots,53-2012.00,44.365,105.81,60.39,45.42,0.4899917031954635,1,1,0,12,1,9,102,0.4192892921273982,604,0.375,31,-573,-71
31,460,Neurodiagnostic Technologists,29-2099.01,22.4975,74.28,31.61,42.67,0.4889149803288377,3,0,1,6,0,6,111,0.3028742595584275,750,0.375,32,-718,-79
32,858,Computer Numerically Controlled Tool Operators,51-9161.00,47.41,115.1,73.36,41.74,0.4622651100052007,0,3,3,9,2,10,214,0.411902693310165,611,0.3703703703703703,33,-578,-181
33,829,Power Plant Operators,51-8013.00,41.58,102.34,54.06,48.28,0.4984050948665025,1,0,0,17,1,11,39,0.4062927496580027,622,0.3666666666666666,34,-588,-5
34,186,Robotics Technicians,17-3024.01,31.07,81.93,44.01,37.92,0.4972373957227333,2,1,3,5,3,8,51,0.3792261686805809,660,0.3636363636363636,35,-625,-16
35,459,Hearing Aid Specialists,29-2092.00,13.5125,49.16,26.88,22.28,0.4956221394943596,1,1,4,1,0,4,64,0.2748677786818552,781,0.3636363636363636,36,-745,-28
36,125,Penetration Testers,15-1299.04,9.75,22.0,13.0,9.0,0.4834710743801652,1,0,1,11,1,8,137,0.4431818181818182,561,0.3636363636363636,37,-524,-100
37,106,Information Security Analysts,15-1212.00,22.885,44.52,27.93,16.59,0.4675596297614811,0,0,0,5,2,4,197,0.5140386343216532,464,0.3636363636363636,38,-426,-159
38,507,Security Guards,33-9032.00,18.7725,61.69,26.69,35.0,0.4909271754744209,3,1,0,4,1,5,95,0.3043037769492624,748,0.3571428571428571,39,-709,-56
39,919,"Pump Operators, Except Wellhead Pumpers",53-7072.00,20.8325,58.27,33.1,25.17,0.4907396725722081,1,2,1,4,1,5,96,0.3575167324523768,685,0.3571428571428571,40,-645,-56
40,142,Cartographers and Photogrammetrists,17-1021.00,24.425,56.42,32.89,23.53,0.4862388243538831,1,0,3,2,3,5,129,0.4329138603332151,576,0.3571428571428571,41,-535,-88
41,129,Computer Systems Engineers/Architects,15-1299.08,57.4875,104.09,65.58,38.51,0.4661835122562974,0,0,1,7,10,10,201,0.5522864828513786,415,0.3571428571428571,42,-373,-159
42,907,Conveyor Operators and Tenders,53-7011.00,21.3575,86.16,34.1,52.06,0.4782744245552959,5,2,1,4,1,7,157,0.2478818477251625,810,0.35,43,-767,-114
43,115,Network and Computer Systems Administrators,15-1244.00,33.42,71.45,45.15,26.3,0.4651992785649261,0,1,2,6,4,7,207,0.467739678096571,525,0.35,44,-481,-163
44,166,Fuel Cell Engineers,17-2141.01,44.09,94.2,58.59,35.61,0.4702444318227921,1,0,2,12,2,9,184,0.4680467091295117,524,0.3461538461538461,45,-479,-139
45,871,Aircraft Cargo Handling Supervisors,53-1041.00,10.4025,26.99,13.87,13.12,0.4996139115924125,1,0,0,3,0,2,22,0.3854205261207855,652,0.3333333333333333,46,-606,24
46,444,Radiologic Technologists and Technicians,29-2034.00,43.41,126.32,66.3,60.02,0.4987642089152231,3,2,4,9,2,10,34,0.3436510449651678,695,0.3333333333333333,47,-648,13
47,457,"Opticians, Dispensing",29-2081.00,28.34,93.63,49.33,44.3,0.4985569681137456,3,3,4,2,2,7,36,0.3026807647121649,751,0.3333333333333333,48,-703,12
48,235,Geographers,19-3092.00,23.97,46.45,26.84,19.61,0.4878863460716236,1,0,1,1,5,4,118,0.5160387513455328,460,0.3333333333333333,49,-411,-69
49,763,Geothermal Technicians,49-9099.01,23.425,91.11,38.26,52.85,0.4871782148631856,6,2,4,2,2,8,124,0.2571067939852925,800,0.3333333333333333,50,-750,-74
50,214,Atmospheric and Space Scientists,19-2021.00,52.465,101.63,61.37,40.26,0.4784273935946115,1,0,2,6,9,9,155,0.516235363573748,459,0.3333333333333333,51,-408,-104
51,416,Neurologists,29-1217.00,44.4875,105.07,63.95,41.12,0.4763938934635834,1,1,2,11,1,8,165,0.4234082040544398,593,0.3333333333333333,52,-541,-113
52,155,Radio Frequency Identification Device Specialists,17-2072.01,39.2825,79.07,48.74,30.33,0.4728947071550711,1,0,4,2,7,7,175,0.4968066270393322,478,0.3333333333333333,53,-425,-122
53,114,Data Warehousing Specialists,15-1243.01,37.205,69.11,45.18,23.93,0.4527277703089036,0,0,1,6,5,6,242,0.5383446679207061,436,0.3333333333333333,54,-382,-188
54,693,Energy Auditors,47-4011.01,37.365,83.27,55.02,28.25,0.4483239133964702,0,0,7,4,3,7,259,0.4487210279812658,552,0.3333333333333333,55,-497,-204
55,481,Medical Transcriptionists,31-9094.00,32.995,68.39,45.5,22.89,0.445350534137779,0,0,1,9,0,5,269,0.4824535750840766,505,0.3333333333333333,56,-449,-213
56,175,Robotics Engineers,17-2199.08,46.205,87.13,59.16,27.97,0.4359284359345478,0,0,0,14,2,8,295,0.530299552392976,444,0.3333333333333333,57,-387,-238
57,86,Online Merchants,13-1199.06,80.5575,134.42,90.46,43.96,0.4401659874787923,0,0,3,4,16,11,286,0.5992969796161286,347,0.3235294117647059,58,-289,-228
58,411,Cardiologists,29-1212.00,9.5,25.0,13.0,12.0,0.4992,4,0,1,12,0,8,30,0.38,658,0.32,59,-599,29
59,591,"Switchboard Operators, Including Answering Service",43-2011.00,41.815,81.12,49.98,31.14,0.4730303123139947,1,1,2,1,8,6,174,0.5154709072978303,463,0.3157894736842105,60,-403,-114
60,478,Dental Assistants,31-9091.00,13.185,68.9,26.25,42.65,0.4716717819519256,5,1,4,1,0,5,179,0.1913642960812772,860,0.3125,61,-799,-118
61,375,Lighting Technicians,27-4015.00,3.0,16.0,5.0,11.0,0.4296875,6,0,3,2,0,5,311,0.1875,861,0.3125,62,-799,-249
62,245,"Geological Technicians, Except Hydrologic Technicians",19-4043.00,36.885,89.11,51.91,37.2,0.4863748132837601,3,0,6,8,3,9,128,0.4139266075636853,608,0.3103448275862069,63,-545,-65
63,902,Traffic Technicians,53-6041.00,27.27,87.26,41.58,45.68,0.4988961570189257,5,1,3,6,1,7,32,0.3125143250057299,735,0.3043478260869565,64,-671,32
64,124,Document Management Specialists,15-1299.03,51.35,88.16,60.85,27.31,0.4276309356276823,0,0,2,6,8,7,316,0.5824637023593466,369,0.3043478260869565,65,-304,-251
65,893,Subway and Streetcar Operators,53-4041.00,14.985,45.64,22.76,22.88,0.4999965434628817,2,1,0,4,0,3,3,0.3283304119193689,719,0.3,66,-653,63
66,373,Broadcast Technicians,27-4012.00,43.8025,105.93,66.22,39.71,0.4686850649525701,2,2,5,7,3,8,190,0.4135042008873785,609,0.2962962962962963,67,-542,-123
67,857,Photographic Process Workers and Processing Machine Operators,51-9151.00,42.4725,107.96,67.71000000000001,40.25,0.467652157613025,2,3,5,7,2,8,196,0.3934095961467209,640,0.2962962962962963,68,-572,-128
68,797,Tool and Die Makers,51-4111.00,24.3125,67.84,40.61,27.23,0.480550405435097,2,2,3,4,1,5,147,0.3583800117924528,684,0.2941176470588235,69,-615,-78
69,850,Dental Laboratory Technicians,51-9081.00,12.0525,75.72,26.2,49.52,0.4525751587367363,6,3,1,2,0,5,243,0.1591719492868462,875,0.2941176470588235,70,-805,-173
70,624,"Postal Service Mail Sorters, Processors, and Processing Machine Operators",43-5053.00,14.33,59.04,28.68,30.36,0.4995951483905082,3,3,2,1,1,4,23,0.2427168021680217,817,0.2857142857142857,71,-746,48
71,376,Photographers,27-4021.00,38.3475,111.22,62.75,48.47,0.4917574680786933,4,4,5,2,5,8,89,0.3447896061859377,693,0.2857142857142857,72,-621,-17
72,253,Remote Sensing Technicians,19-4099.03,34.46,70.21,42.44,27.77,0.478171078154634,1,1,4,1,8,6,158,0.4908132744623273,492,0.2857142857142857,73,-419,-85
73,592,Telephone Operators,43-2021.00,29.1975,57.37,36.28,21.09,0.464947753891459,1,0,1,5,3,4,209,0.5089332403695311,468,0.2857142857142857,74,-394,-135
74,615,Reservation and Transportation Ticket Agents and Travel Clerks,43-4181.00,52.31,89.44,57.96,31.48,0.4561729353144671,1,0,1,4,9,6,235,0.584861359570662,367,0.2857142857142857,75,-292,-160
75,679,Solar Thermal Installers and Technicians,47-2152.04,13.7075,88.16,29.54,58.62,0.4455979023455126,8,2,4,1,0,6,267,0.1554843466424682,879,0.2857142857142857,76,-803,-191
76,852,Ophthalmic Laboratory Technicians,51-9083.00,19.39,79.51,35.58,43.93,0.494485584980234,5,3,2,2,1,5,77,0.2438686957615394,816,0.2777777777777778,77,-739,0
77,231,Clinical Neuropsychologists,19-3039.03,35.815,78.99,56.53,22.46,0.4069813475133689,0,0,7,5,1,5,344,0.4534118242815546,546,0.2777777777777778,78,-468,-266
78,901,Aircraft Service Attendants,53-6032.00,2.75,18.0,5.0,13.0,0.4012345679012346,8,2,0,3,0,5,354,0.1527777777777778,881,0.2777777777777778,79,-802,-275
79,152,Computer Hardware Engineers,17-2061.00,38.1825,65.17,47.08,18.09,0.4010602079913328,0,0,1,8,4,5,355,0.5858907472763542,365,0.2777777777777778,80,-285,-275
80,382,Orthodontists,29-1023.00,22.7775,52.8,33.55,19.25,0.4633246527777778,1,1,0,6,0,3,213,0.4313920454545454,578,0.2727272727272727,81,-497,-132
81,510,Transportation Security Screeners,33-9093.00,45.81,112.0,63.72,48.28,0.4904977040816326,4,1,0,14,0,7,99,0.4090178571428571,618,0.2692307692307692,82,-536,-17
82,111,Telecommunications Engineering Specialists,15-1241.01,52.9675,100.52,66.48,34.04,0.4479253049284983,2,0,2,10,5,7,261,0.5269349383207322,448,0.2692307692307692,83,-365,-178
83,108,Computer Network Support Specialists,15-1231.00,53.3025,98.73,67.51,31.22,0.4324468403951494,1,0,4,7,7,7,304,0.5398814949863263,434,0.2692307692307692,84,-350,-220
84,729,Automotive Service Technicians and Mechanics,49-3023.00,30.385,114.94,61.22,53.72,0.497871125080534,7,5,5,5,0,8,46,0.2643553158169479,788,0.2666666666666666,85,-703,39
85,425,Physical Medicine and Rehabilitation Physicians,29-1229.04,24.4825,65.11,35.56,29.55,0.4957398630782574,3,0,2,6,0,4,63,0.3760175088312087,662,0.2666666666666666,86,-576,23
86,480,Medical Equipment Preparers,31-9093.00,25.3,67.03999999999999,40.89,26.15,0.4758288696663836,2,2,2,4,1,4,166,0.3773866348448688,661,0.2666666666666666,87,-574,-79
87,630,Medical Secretaries and Administrative Assistants,43-6013.00,27.5525,65.31,47.19,18.12,0.400939457885283,0,2,3,6,0,4,356,0.4218726075639259,595,0.2666666666666666,88,-507,-268
88,837,Biofuels Processing Technicians,51-8099.01,39.6625,82.02,55.82,26.2,0.4347920446425868,1,0,2,11,0,5,297,0.4835710802243356,504,0.2631578947368421,89,-415,-208
89,170,Petroleum Engineers,17-2171.00,48.1625,86.13,62.9,23.23,0.3939317237979645,0,0,1,14,2,6,365,0.5591837919424126,401,0.2608695652173913,90,-311,-275
90,172,Mechatronics Engineers,17-2199.05,49.9175,82.87,61.8,21.07,0.3792174632139686,0,1,1,8,7,6,382,0.6023591166887896,344,0.2608695652173913,91,-253,-291
91,765,"Aircraft Structure, Surfaces, Rigging, and Systems Assemblers",51-2011.00,34.855,111.48,53.7,57.78,0.4993302751549463,7,2,1,10,0,7,25,0.3126569788302834,734,0.2592592592592592,92,-642,67
92,557,Shampooers,39-5093.00,5.755000000000001,18.24,9.31,8.93,0.4997829861111112,1,1,0,0,1,1,16,0.315515350877193,732,0.25,93,-639,77
93,479,Medical Assistants,31-9092.00,28.8475,88.16,47.67,40.49,0.4966835326217633,4,2,3,5,1,5,56,0.327217558983666,722,0.25,94,-628,38
94,388,Anesthesiologist Assistants,29-1071.01,31.105,70.14,43.27,26.87,0.472664553169924,2,0,2,7,1,4,177,0.4434702024522384,559,0.25,95,-464,-82
95,406,Nurse Anesthetists,29-1151.00,47.605,107.38,66.55,40.83,0.471314321043305,3,1,1,12,1,6,182,0.4433320916371764,560,0.25,96,-464,-86
96,819,Fabric and Apparel Patternmakers,51-6092.00,26.855,68.74,42.93,25.81,0.4689859509493336,2,0,7,1,2,4,189,0.3906750072737853,644,0.25,97,-547,-92
97,248,Nuclear Monitoring Technicians,19-4051.02,31.255,68.45,43.05,25.4,0.4667560577773202,2,0,1,9,0,4,199,0.4566106647187728,541,0.25,98,-443,-101
98,833,Water and Wastewater Treatment Plant and System Operators,51-8031.00,13.6175,35.24,22.38,12.86,0.4635101480234127,1,1,1,3,0,2,212,0.386421679909194,651,0.25,99,-552,-113
99,434,Orthoptists,29-1299.02,32.9825,68.46,45.89,22.57,0.4419832619963812,1,0,3,6,2,4,280,0.4817776803973124,506,0.25,100,-406,-180
100,860,Adhesive Bonding Machine Operators and Tenders,51-9191.00,29.0625,67.68,46.05,21.63,0.4349060503747298,1,2,2,6,1,4,296,0.4294104609929077,585,0.25,101,-484,-195
101,856,Semiconductor Processing Technicians,51-9141.00,41.4175,83.49,58.03,25.46,0.4239084204770846,1,1,1,11,1,5,322,0.4960773745358725,481,0.25,102,-379,-220
102,842,"Mixing and Blending Machine Setters, Operators, and Tenders",51-9023.00,35.4525,86.85,61.13,25.72,0.4168844635484455,1,5,3,3,3,5,332,0.4082037996545768,620,0.25,103,-517,-229
103,145,Aerospace Engineers,17-2011.00,28.265,51.68,36.59,15.09,0.4134629842852897,0,0,1,9,2,4,336,0.5469233746130031,425,0.25,104,-321,-232
104,126,Information Security Engineers,15-1299.05,45.3175,80.14,59.11,21.03,0.38710746958981,0,0,0,14,1,5,371,0.565479161467432,391,0.25,105,-286,-266
105,151,Water/Wastewater Engineers,17-2051.02,61.0525,105.0,78.05,26.95,0.3815777777777778,0,0,1,16,4,7,377,0.5814523809523809,371,0.25,106,-265,-271
106,506,Gambling Surveillance Officers and Gambling Investigators,33-9031.00,20.6175,36.86,27.47,9.39,0.3797026127810086,0,0,1,4,1,2,380,0.5593461747151384,399,0.25,107,-292,-273
107,127,Digital Forensics Analysts,15-1299.06,11.75,20.0,15.0,5.0,0.375,0,0,0,13,2,5,387,0.5875,362,0.25,108,-254,-279
108,620,"Dispatchers, Except Police, Fire, and Ambulance",43-5032.00,28.43,52.27,39.39,12.88,0.3713871211234189,0,0,2,6,1,3,396,0.5439066386072317,428,0.25,109,-319,-287
109,508,Crossing Guards and Flaggers,33-9091.00,6.7025,51.43,11.29,40.14,0.3426638239676007,6,1,0,2,0,3,431,0.1303227688119774,886,0.25,110,-776,-321
110,404,Critical Care Nurses,29-1141.03,51.815,121.88,83.68,38.2,0.4303780752889125,2,3,5,12,0,7,308,0.4251312766655727,592,0.2413793103448276,111,-481,-197
111,123,Geographic Information Systems Technologists and Technicians,15-1299.02,61.2925,102.65,76.35,26.3,0.3811332850432843,0,0,4,7,11,7,378,0.5971018022406234,350,0.2413793103448276,112,-238,-266
112,490,First-Line Supervisors of Security Workers,33-1091.00,51.2425,93.46,71.27,22.19,0.3621116549859184,0,0,2,14,0,5,404,0.5482826877808689,422,0.238095238095238,113,-309,-291
113,645,Agricultural Equipment Operators,45-2091.00,22.855,70.59,37.14,33.45,0.4986337305018288,4,2,1,6,0,4,35,0.3237710723898569,725,0.2352941176470588,114,-611,79
114,413,Emergency Medicine Physicians,29-1214.00,38.7525,80.97,51.67,29.3,0.4618360169776094,2,0,0,11,0,4,217,0.4786031863653204,509,0.2352941176470588,115,-394,-102
115,846,"Furnace, Kiln, Oven, Drier, and Kettle Operators and Tenders",51-9051.00,22.0875,67.98,47.6,20.38,0.4198351608355122,1,6,3,2,1,4,325,0.3249117387466901,724,0.2352941176470588,116,-608,-209
116,128,Blockchain Engineers,15-1299.07,11.25,17.0,13.0,4.0,0.3598615916955018,0,0,1,5,7,4,407,0.6617647058823529,233,0.2352941176470588,117,-116,-290
117,780,Food Cooking Machine Operators and Tenders,51-3093.00,36.4925,74.61,57.22,17.39,0.3575060133540589,0,3,1,8,1,4,412,0.4891100388687843,496,0.2352941176470588,118,-378,-294
118,116,Computer Programmers,15-1251.00,44.755,61.56,48.2,13.36,0.3398492139187281,0,0,1,2,10,4,437,0.7270142949967512,114,0.2352941176470588,119,5,-318
119,421,Radiologists,29-1224.00,41.4075,91.68,58.44,33.24,0.4622234861982949,0,0,3,20,0,7,215,0.4516524869109948,547,0.2333333333333333,120,-427,-95
120,195,Surveying and Mapping Technicians,17-3031.00,41.9625,85.01,57.0,28.01,0.4418531218695516,4,0,7,6,6,7,281,0.4936183978355487,486,0.2333333333333333,121,-365,-160
121,913,"Laborers and Freight, Stock, and Material Movers, Hand",53-7062.00,10.77,49.66,31.4,18.26,0.4649936118160884,2,5,3,0,0,3,208,0.2168747482883608,840,0.2307692307692307,122,-718,-86
122,668,Operating Engineers and Other Construction Equipment Operators,47-2073.00,45.805,106.55,71.48,35.07,0.4416145738942088,3,3,2,11,1,6,282,0.429892069450962,584,0.2307692307692307,123,-461,-159
123,437,Cytotechnologists,29-2011.02,26.7625,57.32,38.55,18.77,0.4404598101085519,1,1,1,6,1,3,285,0.4668963712491277,529,0.2307692307692307,124,-405,-161
124,500,Parking Enforcement Workers,33-3041.00,23.9325,86.44,47.87,38.57,0.4942122950259757,5,4,4,4,0,5,79,0.2768683479870431,780,0.2272727272727272,125,-655,46
125,543,Gambling and Sports Book Writers and Runners,39-3012.00,30.885,78.32,51.53,26.79,0.4501087899515983,2,4,0,7,1,4,252,0.3943437180796731,639,0.2222222222222222,126,-513,-126
126,191,Automotive Engineering Technicians,17-3027.01,32.43,68.39,45.42,22.97,0.4461212529628621,2,1,2,7,2,4,264,0.4741921333528293,517,0.2222222222222222,127,-390,-137
127,402,Acute Care Nurses,29-1141.01,51.4975,117.33,81.41,35.92,0.4248405252034912,2,1,8,9,1,6,321,0.4389116168072957,569,0.2222222222222222,128,-441,-193
128,627,"Weighers, Measurers, Checkers, and Samplers, Recordkeeping",43-5111.00,38.775,72.49,54.03,18.46,0.3796124613760283,1,1,4,4,4,4,381,0.5349013657056146,438,0.2222222222222222,129,-309,-252
129,168,"Mining and Geological Engineers, Including Mining Safety Engineers",17-2151.00,39.8975,67.22,51.93,15.29,0.3514461478210473,0,0,0,13,1,4,419,0.5935361499553704,353,0.2222222222222222,130,-223,-289
130,247,Nuclear Technicians,19-4051.00,42.4575,70.34,56.61,13.73,0.3141875414181042,0,0,0,14,0,4,473,0.603603923798692,339,0.2222222222222222,131,-208,-342
131,87,Security Management Specialists,13-1199.07,46.965,86.29,63.97,22.32,0.3835125662236271,1,0,1,16,0,5,375,0.544269324371306,427,0.217391304347826,132,-295,-243
132,849,Gem and Diamond Workers,51-9071.06,23.425,58.46,29.98,28.48,0.4996708188937431,4,1,1,1,4,3,20,0.400701334245638,633,0.2142857142857142,133,-500,113
133,920,Wellhead Pumpers,53-7073.00,17.13,56.82,24.15,32.67,0.4887579183527373,5,0,1,5,0,3,114,0.3014783526927138,753,0.2142857142857142,134,-619,20
134,185,Electro-Mechanical and Mechatronics Technologists and Technicians,17-3024.00,47.65,100.79,65.64,35.15,0.4542437986262333,3,0,6,10,3,6,239,0.4727651552733405,518,0.2142857142857142,135,-383,-104
135,200,Microbiologists,19-1022.00,27.73,55.21,42.21,13.0,0.3600420334458598,0,1,3,6,1,3,406,0.502264082593733,471,0.2142857142857142,136,-335,-270
136,505,Private Detectives and Investigators,33-9021.00,32.85,58.62,46.18,12.44,0.3343587372527299,0,1,1,8,1,3,442,0.560388945752303,395,0.2142857142857142,137,-258,-305
137,835,Gas Plant Operators,51-8092.00,37.52,79.1,53.68,25.42,0.4361793310009412,2,1,1,11,0,4,294,0.4743362831858407,516,0.2105263157894736,138,-378,-156
138,573,Parts Salespersons,41-2022.00,37.32,79.73,60.97,18.76,0.3598615916955018,1,2,6,4,2,4,408,0.4680797692211212,523,0.2105263157894736,139,-384,-269
139,606,File Clerks,43-4071.00,40.505,75.36,59.41,15.95,0.3337094120901906,0,1,7,2,5,4,443,0.5374867303609342,437,0.2105263157894736,140,-297,-303
140,194,Photonics Technicians,17-3029.08,42.5825,86.84,58.02,28.82,0.4434677751466559,3,1,2,10,3,5,276,0.4903558268079226,493,0.2083333333333333,141,-352,-135
141,363,Broadcast Announcers and Radio Disc Jockeys,27-3011.00,51.65,94.25,72.22,22.03,0.3582112813007901,1,2,2,10,4,5,410,0.5480106100795756,423,0.2083333333333333,142,-281,-268
142,372,Audio and Video Technicians,27-4011.00,46.79,97.19,73.31,23.88,0.3706673843257708,1,5,5,6,6,6,397,0.4814281304660973,507,0.2068965517241379,143,-364,-254
143,442,Diagnostic Medical Sonographers,29-2032.00,24.942500000000003,88.66,46.830000000000005,41.83,0.4984097897111001,5,4,3,3,1,4,38,0.2813275434243176,771,0.2,144,-627,106
144,458,Orthotists and Prosthetists,29-2091.00,24.455,63.62,36.09,27.53,0.4909482989073463,3,1,2,4,2,3,94,0.3843917007230431,654,0.2,145,-509,51
145,750,Camera and Photographic Equipment Repairers,49-9061.00,14.675,57.82,33.1,24.72,0.48949727807802,3,4,3,2,0,3,107,0.2538049117952266,802,0.2,146,-656,39
146,793,"Patternmakers, Metal and Plastic",51-4062.00,16.9625,55.49,33.12,22.37,0.4812346148198974,3,3,4,1,1,3,144,0.3056857091367814,745,0.2,147,-598,3
147,385,Optometrists,29-1041.00,19.7775,46.42,27.94,18.48,0.4792345185418118,2,0,1,5,0,2,150,0.4260555794915984,590,0.2,148,-442,-2
148,667,Pile Driver Operators,47-2072.00,5.452500000000001,22.58,8.76,13.82,0.4748913615676883,2,0,1,1,0,1,169,0.2414747564216121,818,0.2,149,-669,-20
149,678,"Plumbers, Pipefitters, and Steamfitters",47-2152.00,23.5975,112.84,41.67,71.17,0.4658266242910787,13,2,5,3,1,6,203,0.20912353775257,843,0.2,150,-693,-53
150,181,Mechanical Drafters,17-3013.00,34.7575,58.46,45.47,12.99,0.3456578934586184,0,1,2,5,4,3,426,0.594551830311324,352,0.2,151,-201,-275
151,354,Media Technical Directors/Managers,27-2012.05,33.8375,60.1,47.22,12.88,0.3367618583558738,0,0,3,8,1,3,438,0.5630199667221297,393,0.2,152,-241,-286
152,118,Software Quality Assurance Analysts and Testers,15-1253.00,76.225,109.13,85.85,23.28,0.3356332364176608,1,1,1,5,16,6,439,0.6984788784019059,167,0.2,153,-14,-286
153,113,Database Architects,15-1243.00,66.1475,94.66,74.96,19.7,0.3296042473270177,0,0,0,9,11,5,451,0.6987904077751954,165,0.2,154,-11,-297
154,435,Medical and Clinical Laboratory Technologists,29-2011.00,39.21,69.07000000000001,55.27,13.8,0.3197566863268892,0,0,2,10,0,3,466,0.567684957289706,386,0.2,155,-231,-311
155,74,Logistics Engineers,13-1081.01,70.9875,107.88,86.47,21.41,0.3181487684100584,0,0,2,14,8,6,471,0.6580228031145717,242,0.2,156,-86,-315
156,176,Nanosystems Engineers,17-2199.09,55.4125,84.33,68.29,16.04,0.3080542974259797,0,0,0,15,5,5,484,0.6570911893750742,244,0.2,157,-87,-327
157,636,"Mail Clerks and Mail Machine Operators, Except Postal Service",43-9051.00,48.555,103.53,82.86,20.67,0.3195824878178173,0,6,8,1,6,5,467,0.4689944943494639,522,0.1923076923076923,158,-364,-309
158,407,Nurse Midwives,29-1161.00,41.705,95.68,61.41,34.27,0.459770247781065,3,1,2,11,0,4,220,0.435880016722408,573,0.1904761904761904,159,-414,-61
159,542,Gambling Dealers,39-3011.00,35.18,95.91,63.9,32.01,0.4447221350090781,3,5,2,6,1,4,272,0.3668022104055886,673,0.1904761904761904,160,-513,-112
160,643,Animal Breeders,45-2021.00,20.48,83.54,26.66,56.88,0.4345710452299032,10,0,2,3,2,4,298,0.2451520229830021,813,0.1904761904761904,161,-652,-137
161,840,"Crushing, Grinding, and Polishing Machine Setters, Operators, and Tenders",51-9021.00,34.3025,80.47,61.15,19.32,0.3648930373004787,1,6,1,8,1,4,401,0.4262768733689574,589,0.1904761904761904,162,-427,-239
162,84,Business Continuity Planners,13-1199.04,54.215,85.27,68.71,16.56,0.3129808391941606,0,0,1,12,4,4,476,0.635803916969626,285,0.1904761904761904,163,-122,-313
163,138,Clinical Data Managers,15-2051.02,49.5175,78.3,63.42,14.88,0.3078475066425918,0,0,1,13,3,4,486,0.6324074074074074,291,0.1904761904761904,164,-127,-322
164,725,Security and Fire Alarm Systems Installers,49-2098.00,21.205,66.62,36.47,30.15,0.4955001824603551,4,1,5,2,1,3,68,0.3182978084659261,729,0.1875,165,-564,97
165,744,Industrial Machinery Mechanics,49-9041.00,14.954999999999998,62.89,27.96,34.93,0.4938585294861353,6,2,3,1,1,3,80,0.2377961520114485,820,0.1875,166,-654,86
166,792,"Model Makers, Metal and Plastic",51-4061.00,18.895,61.37,35.59,25.78,0.4872239744241853,4,4,1,3,1,3,123,0.3078865895388626,742,0.1875,167,-575,44
167,136,Data Scientists,15-2051.00,11.5,16.0,13.0,3.0,0.3046875,0,0,1,4,8,3,493,0.71875,126,0.1875,168,42,-325
168,471,Orderlies,31-1132.00,24.61,90.71,42.46,48.25,0.4979628791308284,8,3,1,6,0,4,44,0.2713041561018631,786,0.1818181818181818,169,-617,125
169,182,Aerospace Engineering and Operations Technologists and Technicians,17-3021.00,16.330000000000002,47.620000000000005,26.26,21.36,0.4947060067618473,3,1,1,4,0,2,74,0.3429231415371692,699,0.1818181818181818,170,-529,96
170,908,Crane and Tower Operators,53-7021.00,14.2725,45.48,20.34,25.14,0.4944305595199141,4,0,1,4,0,2,78,0.3138192612137203,733,0.1818181818181818,171,-562,93
171,395,Respiratory Therapists,29-1126.00,30.3525,98.14,62.92,35.22,0.4601675118898904,4,5,5,4,0,4,219,0.3092775626655797,739,0.1818181818181818,172,-567,-47
172,393,Radiation Therapists,29-1124.00,47.205,98.83,65.87,32.96,0.4445568140668874,3,1,1,12,1,4,273,0.4776383689163209,512,0.1818181818181818,173,-339,-100
173,92,Credit Analysts,13-2041.00,28.2125,44.69,36.1,8.59,0.3105343536370815,0,0,0,8,1,2,479,0.6312933542179459,296,0.1818181818181818,174,-122,-305
174,897,Ship Engineers,53-5031.00,28.3175,73.67,37.73,35.94,0.49970481469971,5,0,2,5,2,3,19,0.3843830595900638,655,0.1764705882352941,175,-480,156
175,117,Software Developers,15-1252.00,44.005,60.62,49.16,11.46,0.3066158656818072,0,0,1,4,9,3,489,0.7259155394259321,116,0.1764705882352941,176,60,-313
176,370,Interpreters and Translators,27-3091.00,44.94,71.19,57.75,13.44,0.3062973694973068,0,1,4,1,8,3,491,0.6312684365781711,297,0.1764705882352941,177,-120,-314
177,585,Real Estate Brokers,41-9021.00,36.0675,66.76,54.84,11.92,0.2933398335200701,0,1,3,10,0,3,506,0.5402561414020371,432,0.1764705882352941,178,-254,-328
178,484,Phlebotomists,31-9097.00,31.41,102.34,48.67,53.67,0.4988065088918524,8,2,2,6,1,4,33,0.3069181160836428,743,0.1739130434782608,179,-564,146
179,805,Printing Press Operators,51-5112.00,45.5325,99.33,64.12,35.21,0.4576449384945378,4,2,3,5,5,4,226,0.4583962549078828,539,0.1739130434782608,180,-359,-46
180,706,"Earth Drillers, Except Oil and Gas",47-5023.00,29.46,112.68,47.42,65.26,0.4874666828975504,12,2,2,8,0,5,121,0.2614483493077742,791,0.1724137931034483,181,-610,60
181,883,Heavy and Tractor-Trailer Truck Drivers,53-3032.00,45.3175,125.87,74.7,51.17,0.4825269228576354,7,5,3,6,3,5,140,0.3600341622308731,681,0.1724137931034483,182,-499,42
182,799,"Welding, Soldering, and Brazing Machine Setters, Operators, and Tenders",51-4122.00,54.945,110.53,80.55,29.98,0.3953364233910147,3,4,0,15,2,5,363,0.4971048584094816,477,0.1724137931034483,183,-294,-180
183,723,"Electronic Equipment Installers and Repairers, Motor Vehicles",49-2096.00,12.6825,50.25,29.46,20.79,0.4851154377366896,3,3,3,1,0,2,132,0.2523880597014926,805,0.1666666666666666,184,-621,52
184,843,"Cutters and Trimmers, Hand",51-9031.00,24.845,72.98,44.66,28.32,0.4749350760833426,4,6,0,2,3,3,168,0.3404357358180323,703,0.1666666666666666,185,-518,17
185,906,Passenger Attendants,53-6061.00,14.8475,50.22,33.15,17.07,0.4487388108808696,2,4,2,2,0,2,256,0.2956491437674233,758,0.1666666666666666,186,-572,-70
186,917,Stockers and Order Fillers,53-7065.00,41.47,117.34,78.3,39.04,0.4440270202894459,5,8,7,0,5,5,275,0.3534174194648031,687,0.1666666666666666,187,-500,-88
187,909,Dredge Operators,53-7031.00,6.0975,25.66,8.129999999999999,17.53,0.432901562430707,3,0,0,2,0,1,303,0.2376266562743569,822,0.1666666666666666,188,-634,-115
188,774,Bakers,51-3011.00,32.97,77.53,55.49,22.04,0.4069272211757808,2,3,5,2,3,3,345,0.4252547401006062,591,0.1666666666666666,189,-402,-156
189,383,Prosthodontists,29-1024.00,8.205,52.58,14.14,38.44,0.3932073439578243,7,1,0,2,0,2,367,0.156047926968429,878,0.1666666666666666,190,-688,-177
190,787,"Lathe and Turning Machine Tool Setters, Operators, and Tenders, Metal and Plastic",51-4034.00,28.7825,71.45,54.83,16.62,0.3570054078248184,1,3,7,4,0,3,413,0.4028341497550734,628,0.1666666666666666,191,-437,-222
191,428,"Ophthalmologists, Except Pediatric",29-1241.00,43.8925,79.3,61.11,18.19,0.353531897164502,1,0,2,12,0,3,417,0.5534993694829761,412,0.1666666666666666,192,-220,-225
192,180,Electrical and Electronics Drafters,17-3012.00,62.8075,103.82,80.78999999999999,23.03,0.3452387159570111,2,0,3,14,6,5,427,0.6049653246002697,336,0.1666666666666666,193,-143,-234
193,895,"Captains, Mates, and Pilots of Water Vessels",53-5021.00,70.97,126.83,99.12,27.71,0.3414945915599143,1,1,1,22,0,5,435,0.5595679255696602,397,0.1666666666666666,194,-203,-241
194,223,Remote Sensing Scientists and Technologists,19-2099.01,55.775,92.72,72.49,20.23,0.3411592352977524,1,0,6,6,7,4,436,0.6015422778257118,346,0.1666666666666666,195,-151,-241
195,830,Biomass Plant Technicians,51-8013.03,37.065,74.97,59.260000000000005,15.71,0.3312781606351134,1,1,6,6,1,3,446,0.4943977591036414,484,0.1666666666666666,196,-288,-250
196,188,Industrial Engineering Technologists and Technicians,17-3026.00,26.315,47.16,37.32,9.84,0.3302319859630038,0,1,4,16,4,5,449,0.5579940627650553,405,0.1666666666666666,197,-208,-252
197,24,Supply Chain Managers,11-3071.04,67.0375,108.83,86.62,22.21,0.3248624200625856,1,0,3,16,5,5,455,0.6159836442157492,322,0.1666666666666666,198,-124,-257
198,83,Search Marketing Strategists,13-1161.01,80.765,126.58,102.28,24.3,0.3102392957941309,0,0,3,19,8,6,480,0.6380549849897298,280,0.1666666666666666,199,-81,-281
199,420,Psychiatrists,29-1223.00,27.44,49.09,39.78,9.31,0.3073678159865427,0,1,1,7,1,2,487,0.5589733143206356,402,0.1666666666666666,200,-202,-287
200,147,Bioengineers and Biomedical Engineers,17-2031.00,65.395,104.9,85.39,19.51,0.302791237012689,0,0,2,20,3,5,497,0.6234032411820781,307,0.1666666666666666,201,-106,-296
201,112,Database Administrators,15-1242.00,38.975,60.72,49.89,10.83,0.2930950139824086,0,1,1,8,5,3,507,0.6418807641633729,273,0.1666666666666666,202,-71,-305
202,101,Tax Preparers,13-2082.00,30.42,52.33,43.01,9.32,0.2927614443449673,0,1,1,7,1,2,508,0.5813109115230269,372,0.1666666666666666,203,-169,-305
203,786,"Grinding, Lapping, Polishing, and Buffing Machine Tool Setters, Operators, and Tenders, Metal and Plastic",51-4033.00,35.0475,72.97,60.08,12.89,0.2908868873650705,0,5,3,5,2,3,510,0.4803001233383582,508,0.1666666666666666,204,-304,-306
204,360,Music Directors and Composers,27-2041.00,74.6525,111.98,92.27,19.71,0.2900655913443071,0,1,5,6,13,5,512,0.6666592248615825,220,0.1666666666666666,205,-15,-307
205,582,"Sales Representatives, Wholesale and Manufacturing, Except Technical and Scientific Products",41-4012.00,39.05,74.2,61.58,12.62,0.2823067254669757,0,2,4,8,1,3,522,0.5262803234501348,449,0.1666666666666666,206,-243,-316
206,120,Web and Digital Interface Designers,15-1255.00,20.0,30.0,25.0,5.0,0.2777777777777777,0,1,5,7,12,5,530,0.6666666666666666,219,0.1666666666666666,207,-12,-323
207,916,"Packers and Packagers, Hand",53-7064.00,29.3325,49.54,41.63,7.91,0.2683495587748016,0,2,0,6,2,2,544,0.5920972951150585,356,0.1666666666666666,208,-148,-336
208,27,Training and Development Managers,11-3131.00,31.137500000000003,47.54,40.370000000000005,7.17,0.2561471605338566,0,0,1,7,2,2,559,0.6549747580984435,251,0.1666666666666666,209,-42,-350
209,520,Food Preparation Workers,35-2021.00,46.795,131.15,84.46000000000001,46.69,0.4585306351087312,6,7,6,3,4,5,225,0.356805184902783,686,0.1612903225806451,210,-476,-15
210,784,"Cutting, Punching, and Press Machine Setters, Operators, and Tenders, Metal and Plastic",51-4031.00,53.8425,123.54,91.31,32.230000000000004,0.3856501014576495,3,4,8,10,1,5,372,0.4358305002428363,574,0.1612903225806451,211,-363,-161
211,397,Exercise Physiologists,29-1128.00,45.335,101.8,63.8,38.0,0.4678845611990072,5,1,1,13,1,4,195,0.4453339882121808,557,0.16,212,-345,17
212,189,Nanotechnology Engineering Technologists and Technicians,17-3026.01,52.28,93.33,71.55,21.78,0.3578120626501229,2,0,5,10,4,4,411,0.5601628629593914,396,0.16,213,-183,-198
213,816,"Textile Knitting and Weaving Machine Setters, Operators, and Tenders",51-6063.00,40.1575,81.19,55.02,26.17,0.4368669811647203,3,0,2,10,1,3,293,0.4946114053454859,483,0.1578947368421052,214,-269,-79
214,20,Biomass Power Plant Managers,11-3051.04,41.285,73.28,54.87,18.41,0.3762251491557179,2,0,1,12,1,3,385,0.5633870087336245,392,0.1578947368421052,215,-177,-170
215,419,"Physicians, Pathologists",29-1222.00,45.6,77.89,60.8,17.09,0.3425407387135744,1,0,0,15,0,3,432,0.5854410065476955,366,0.1578947368421052,216,-150,-216
216,834,Chemical Plant and System Operators,51-8091.00,46.71,84.37,66.66,17.71,0.3316941163271795,1,2,0,12,1,3,445,0.5536328078700959,411,0.1578947368421052,217,-194,-228
217,633,Word Processors and Typists,43-9022.00,51.12,74.37,62.81,11.56,0.2625554636536436,0,3,1,1,11,3,548,0.6873739411052843,191,0.1578947368421052,218,27,-330
218,346,Graphic Designers,27-1024.00,52.795,77.1,65.13,11.97,0.2622988993020334,0,0,6,0,10,3,549,0.6847600518806746,195,0.1578947368421052,219,24,-330
219,863,Etchers and Engravers,51-9194.00,33.4375,108.57,55.59,52.98,0.4997110442484442,9,3,3,6,1,4,18,0.3079810260661325,741,0.1538461538461538,220,-521,202
220,918,Gas Compressor and Gas Pumping Station Operators,53-7071.00,20.635,51.81,28.89,22.92,0.4933611710062165,4,1,0,5,1,2,85,0.3982821849063886,635,0.1538461538461538,221,-414,136
221,730,Bus and Truck Mechanics and Diesel Engine Specialists,49-3031.00,7.917499999999999,102.43,19.71,82.72,0.3107941247160941,17,3,1,1,0,4,478,0.0772966904227277,914,0.1538461538461538,222,-692,-256
222,529,First-Line Supervisors of Housekeeping and Janitorial Workers,37-1011.00,63.265,107.57,87.09,20.48,0.30828039109055,1,0,5,13,3,4,483,0.5881286604071768,361,0.1538461538461538,223,-138,-260
223,43,Postmasters and Mail Superintendents,11-9131.00,33.5675,53.65,44.44,9.21,0.2843964844106246,0,0,1,9,1,2,518,0.6256756756756757,304,0.1538461538461538,224,-80,-294
224,263,Mental Health and Substance Abuse Social Workers,21-1023.00,26.9875,51.72,43.19,8.530000000000001,0.2754515359939804,0,0,6,4,1,2,535,0.5218000773395205,453,0.1538461538461538,225,-228,-310
225,904,Aviation Inspectors,53-6051.01,34.34,55.7,47.17,8.530000000000001,0.259378821527225,0,0,1,10,0,2,554,0.6165170556552962,321,0.1538461538461538,226,-95,-328
226,712,"Roustabouts, Oil and Gas",47-5071.00,4.0075,43.76,6.43,37.33,0.2506942262766161,9,0,1,1,0,2,567,0.0915790676416819,907,0.1538461538461538,227,-680,-340
227,666,"Paving, Surfacing, and Tamping Equipment Operators",47-2071.00,20.0475,73.83,36.67,37.16,0.4999779759883787,7,4,0,6,0,3,4,0.2715359609914669,785,0.15,228,-557,224
228,433,Naturopathic Physicians,29-1299.01,34.8075,83.36,50.72,32.64,0.4764792348981915,5,1,2,8,1,3,163,0.4175563819577735,605,0.15,229,-376,66
229,380,"Dentists, General",29-1021.00,23.2175,85.97,28.62,57.35,0.4441597437173894,10,0,0,5,2,3,274,0.2700651390019774,787,0.15,230,-557,-44
230,528,"Hosts and Hostesses, Restaurant, Lounge, and Coffee Shop",35-9031.00,30.445,81.86,56.23,25.630000000000003,0.4301334374044367,3,3,7,2,2,3,309,0.3719154654287808,666,0.15,231,-435,-78
231,703,"Rotary Drill Operators, Oil and Gas",47-5012.00,18.33,83.41,25.94,57.47,0.4285533774578988,11,1,0,4,1,3,314,0.2197578228030212,837,0.15,232,-605,-82
232,694,Elevator and Escalator Installers and Repairers,47-4021.00,14.89,86.37,21.41,64.96000000000001,0.3728780682435688,12,1,0,3,1,3,392,0.1723978233182818,869,0.15,233,-636,-159
233,853,Packaging and Filling Machine Operators and Tenders,51-9111.00,47.325,85.68,68.54,17.14,0.3200560180499214,1,1,4,9,2,3,464,0.5523459383753502,414,0.15,234,-180,-230
234,159,Industrial Engineers,17-2112.00,52.455,70.71,59.33,11.38,0.270075340045022,0,0,0,8,9,3,539,0.7418328383538396,88,0.15,235,147,-304
235,764,First-Line Supervisors of Production and Operating Workers,51-1011.00,52.8775,79.1,66.45,12.65,0.2686968279362804,0,0,1,12,4,3,543,0.6684892541087232,216,0.15,236,20,-307
236,386,Pharmacists,29-1051.00,49.2925,80.98,68.43,12.55,0.2619176205339859,0,1,0,16,0,3,550,0.6086996789330699,330,0.15,237,-93,-313
237,707,"Explosives Workers, Ordnance Handling Experts, and Blasters",47-5032.00,46.975,98.95,65.62,33.33,0.4467555313612538,6,1,0,16,0,4,263,0.4747347145022739,514,0.1481481481481481,238,-276,-25
238,879,Airfield Operations Specialists,53-2022.00,68.23,109.24,94.66,14.58,0.2313079911256641,0,1,1,21,0,4,590,0.6245880629805932,306,0.1481481481481481,239,-67,-351
239,671,Electricians,47-2111.00,23.5725,86.05,40.67,45.38,0.4985020060158528,8,3,2,4,1,3,37,0.2739395700174317,783,0.1428571428571428,240,-543,203
240,475,Physical Therapist Assistants,31-2021.00,18.1825,87.02,37.57,49.45,0.4906810983624335,9,3,4,1,1,3,97,0.2089462192599402,844,0.1428571428571428,241,-603,144
241,341,"Fine Artists, Including Painters, Sculptors, and Illustrators",27-1013.00,50.8875,101.67,65.65,36.02,0.4575333835055875,6,0,6,4,8,4,228,0.5005163765122456,473,0.1428571428571428,242,-231,14
242,424,Urologists,29-1229.03,29.965,64.3,41.54,22.76,0.4573480163212391,3,0,1,8,0,2,230,0.4660186625194401,530,0.1428571428571428,243,-287,13
243,696,Hazardous Materials Removal Workers,47-4041.00,37.1475,84.57000000000001,56.24,28.33,0.4455425857710386,4,1,4,8,1,3,268,0.4392515076268179,568,0.1428571428571428,244,-324,-24
244,768,Electromechanical Equipment Assemblers,51-2023.00,28.7,53.15,37.22,15.93,0.4197740645982323,2,1,0,6,3,2,326,0.5399811853245532,433,0.1428571428571428,245,-188,-81
245,336,"Teaching Assistants, Preschool, Elementary, Middle, and Secondary School, Except Special Education",25-9042.00,35.2375,111.01,77.89,33.12,0.4186757647865107,4,8,9,2,1,4,327,0.317426357985767,730,0.1428571428571428,246,-484,-81
246,777,Slaughterers and Meat Packers,51-3023.00,30.585,61.28,43.68,17.6,0.4094376538118058,2,1,0,9,0,2,342,0.4991024804177545,475,0.1428571428571428,247,-228,-95
247,796,"Multiple Machine Tool Setters, Operators, and Tenders, Metal and Plastic",51-4081.00,33.9875,83.53,60.05,23.48,0.4041626134404692,3,5,2,7,1,3,349,0.406889740213097,621,0.1428571428571428,248,-373,-101
248,377,"Camera Operators, Television, Video, and Film",27-4031.00,43.0,86.59,65.22,21.37,0.3717747009964127,2,0,8,5,3,3,394,0.4965931400854602,479,0.1428571428571428,249,-230,-145
249,886,"Bus Drivers, Transit and Intercity",53-3052.00,23.8775,59.56,47.41,12.15,0.3247632289802857,1,5,1,5,0,2,457,0.4008982538616521,631,0.1428571428571428,250,-381,-207
250,78,"Meeting, Convention, and Event Planners",13-1121.00,45.21,83.13,66.56,16.57,0.31919071997963,1,0,7,8,2,3,469,0.5438469866474197,429,0.1428571428571428,251,-178,-218
251,230,Neuropsychologists,19-3039.02,36.28,59.36,49.89,9.47,0.2681672226117217,0,0,3,7,2,2,545,0.6111859838274933,326,0.1428571428571428,252,-74,-293
252,889,Locomotive Engineers,53-4011.00,36.7275,64.23,54.71,9.52,0.252497925763004,0,2,0,10,0,2,563,0.5718122372723026,381,0.1428571428571428,253,-128,-310
253,599,Tellers,43-3071.00,70.7875,119.72,102.05,17.67,0.2516205677151353,0,2,6,12,4,4,566,0.5912754761109255,358,0.1428571428571428,254,-104,-312
254,11,Security Managers,11-3013.01,72.58500000000001,111.63,95.23,16.4,0.2506604289652354,0,0,0,23,1,4,568,0.6502284332168773,258,0.1428571428571428,255,-3,-313
255,371,Court Reporters and Simultaneous Captioners,27-3092.00,36.2175,65.9,56.24,9.66,0.2501967159511931,0,2,1,9,0,2,570,0.5495827010622154,420,0.1428571428571428,256,-164,-314
256,905,"Transportation Vehicle, Equipment and Systems Inspectors, Except Aviation",53-6051.07,32.68,53.75,45.9,7.85,0.2494338561384532,0,1,1,9,1,2,572,0.608,331,0.1428571428571428,257,-74,-315
257,171,"Energy Engineers, Except Wind and Solar",17-2199.03,51.095,78.34,66.92,11.42,0.249049054581572,0,0,1,15,2,3,574,0.6522210875670156,256,0.1428571428571428,258,2,-316
258,629,Legal Secretaries and Administrative Assistants,43-6012.00,34.4525,55.57,47.47,8.1,0.2490310230335255,0,1,1,8,2,2,575,0.6199838042109052,315,0.1428571428571428,259,-56,-316
259,758,Locksmiths and Safe Repairers,49-9094.00,5.1425,56.22,8.06,48.16,0.245623453422362,10,1,0,0,1,2,579,0.0914710067591604,908,0.1428571428571428,260,-648,-319
260,148,Chemical Engineers,17-2041.00,33.8375,51.21,43.88,7.33,0.2452963226455606,0,0,0,11,1,2,580,0.6607596172622534,236,0.1428571428571428,261,25,-319
261,165,Mechanical Engineers,17-2141.00,62.8625,99.33,85.64,13.69,0.2376562452981436,0,0,6,13,5,4,587,0.6328651968186851,288,0.1428571428571428,262,-26,-325
262,789,Machinists,51-4041.00,58.9125,121.82,87.95,33.87,0.4014614471518422,4,2,6,10,3,4,353,0.483602856673781,503,0.1379310344827586,263,-240,-90
263,378,Film and Video Editors,27-4032.00,59.01,91.81,78.37,13.44,0.2499189205327023,0,0,7,5,7,3,571,0.6427404422176233,272,0.1363636363636363,264,-8,-307
264,203,Molecular and Cellular Biologists,19-1029.02,52.425,82.9,71.32000000000001,11.58,0.2403481748033078,0,0,4,12,3,3,584,0.632388419782871,292,0.1363636363636363,265,-27,-319
265,104,Computer Systems Analysts,15-1211.00,57.8225,76.87,66.76,10.11,0.2284460836322319,0,0,2,6,11,3,596,0.7522115259529074,72,0.1363636363636363,266,194,-330
266,153,Electrical Engineers,17-2071.00,54.0425,79.85,69.42,10.43,0.2271167016741234,0,0,2,13,4,3,597,0.6768002504696305,204,0.1363636363636363,267,63,-330
267,798,"Welders, Cutters, Solderers, and Brazers",51-4121.00,35.17,113.72,59.03,54.69,0.4992717579348058,10,4,3,8,1,4,28,0.3092683784734436,740,0.1333333333333333,268,-472,240
268,501,Police and Sheriff's Patrol Officers,33-3051.00,48.2725,123.59,70.53,53.06,0.4900094557014974,9,1,3,13,0,4,101,0.3905858079132616,646,0.1333333333333333,269,-377,168
269,790,Metal-Refining Furnace Operators and Tenders,51-4051.00,25.495,65.4,43.06,22.34,0.4498126794414986,3,3,0,7,0,2,253,0.3898318042813455,647,0.1333333333333333,270,-377,17
270,788,"Milling and Planing Machine Setters, Operators, and Tenders, Metal and Plastic",51-4035.00,22.8675,62.35,41.18,21.17,0.4485018929150892,3,3,2,5,0,2,257,0.3667602245388933,674,0.1333333333333333,271,-403,14
271,722,"Electrical and Electronics Repairers, Powerhouse, Substation, and Relay",49-2095.00,24.8475,60.77,40.17,20.6,0.4481470841712149,3,1,3,6,0,2,260,0.4088777357248642,619,0.1333333333333333,272,-347,12
272,337,"Teaching Assistants, Special Education",25-9043.00,37.9925,110.7,80.38,30.32,0.3977516159383214,4,7,11,4,0,4,358,0.3432023486901535,698,0.1333333333333333,273,-425,-85
273,192,Calibration Technologists and Technicians,17-3028.00,7.5,15.0,11.0,4.0,0.3911111111111112,2,1,4,3,3,2,368,0.5,474,0.1333333333333333,274,-200,-94
274,540,Animal Trainers,39-2011.00,8.125,63.260000000000005,16.490000000000002,46.77,0.3854425413028788,9,2,1,0,1,2,374,0.1284381915902624,888,0.1333333333333333,275,-613,-99
275,184,Electrical and Electronic Engineering Technologists and Technicians,17-3023.00,55.425,100.51,77.2,23.31,0.3562632484586294,2,1,6,11,6,4,414,0.5514376678937418,417,0.1333333333333333,276,-141,-138
276,654,Solar Energy Installation Managers,47-1011.03,34.345,58.0,46.04,11.96,0.3273712247324614,1,0,1,10,1,2,453,0.5921551724137931,355,0.1333333333333333,277,-78,-176
277,399,Music Therapists,29-1129.02,58.44,125.15,103.48,21.67,0.2863410539394277,1,3,13,8,1,4,515,0.4669596484218937,528,0.1333333333333333,278,-250,-237
278,436,Cytogenetic Technologists,29-2011.01,76.7625,138.76,115.26,23.5,0.2813506292732708,1,2,5,17,1,4,523,0.5532033727298934,413,0.1333333333333333,279,-134,-244
279,870,Helpers--Production Workers,51-9198.00,47.0625,111.73,92.89,18.84,0.2803756280773943,1,12,3,8,2,4,527,0.4212163250693636,598,0.1333333333333333,280,-318,-247
280,579,"Sales Representatives of Services, Except Advertising, Insurance, Financial Services, and Travel",41-3091.00,9.75,15.0,13.0,2.0,0.231111111111111,0,1,1,8,3,2,591,0.65,260,0.1333333333333333,281,21,-310
281,746,Millwrights,49-9044.00,16.759999999999998,96.2,33.94,62.26,0.4566682370840375,12,3,2,3,0,3,232,0.1742203742203742,867,0.1304347826086956,282,-585,50
282,838,Chemical Equipment Operators and Tenders,51-9011.00,52.985,99.46,77.59,21.87,0.3430738535851489,2,2,1,15,0,3,429,0.532726724311281,442,0.1304347826086956,283,-159,-146
283,800,"Heat Treating Equipment Setters, Operators, and Tenders, Metal and Plastic",51-4191.00,56.215,98.43,81.41,17.02,0.2860304938504756,1,2,1,16,0,3,516,0.5711165295133598,383,0.1304347826086956,284,-99,-232
284,453,Veterinary Technologists and Technicians,29-2056.00,41.75,134.92,65.99,68.92999999999999,0.4997625828976713,12,2,4,8,1,4,17,0.3094426326712126,738,0.1290322580645161,285,-453,268
285,617,Freight Forwarders,43-5011.01,84.875,133.13,115.85,17.28,0.2259008722997981,0,0,5,19,3,4,598,0.6375347404792309,281,0.1290322580645161,286,5,-312
286,75,Logistics Analysts,13-1081.02,87.5175,116.68,101.74,14.94,0.2232952504140083,0,0,2,11,14,4,604,0.7500642783681865,77,0.1290322580645161,287,210,-317
287,717,"Telecommunications Equipment Installers and Repairers, Except Line Installers",49-2022.00,48.77,145.39,88.92,56.47,0.4750924888439568,10,7,8,6,3,5,167,0.3354426026549282,709,0.1282051282051282,288,-421,121
288,896,Motorboat Operators,53-5022.00,23.8275,68.07,34.31,33.76,0.4999673574647238,6,0,2,6,0,2,7,0.3500440722785368,689,0.125,289,-400,282
289,440,Histology Technicians,29-2012.01,13.08,36.4,21.52,14.88,0.4833619128124622,2,1,1,3,0,1,138,0.3593406593406593,682,0.125,290,-392,152
290,438,Histotechnologists,29-2011.04,28.3625,68.35,41.95,26.4,0.4741206268137714,4,0,4,5,1,2,171,0.4149597659107535,607,0.125,291,-316,120
291,452,Surgical Technologists,29-2055.00,19.3225,74.31,27.24,47.07,0.464394186711529,8,0,1,5,0,2,210,0.2600255685641232,793,0.125,292,-501,82
292,497,Police Identification and Records Officers,33-3021.02,30.27,65.65,44.37,21.28,0.4381487602155259,3,1,1,9,0,2,290,0.461081492764661,536,0.125,293,-243,3
293,251,Forensic Science Technicians,19-4092.00,43.745,97.59,67.35,30.24,0.427699503941076,4,0,7,10,0,3,315,0.4482528947638077,553,0.125,294,-259,-21
294,836,"Petroleum Pump System Operators, Refinery Operators, and Gaugers",51-8093.00,46.0025,93.07,65.39,27.68,0.4179150304682224,4,2,0,15,0,3,331,0.4942785000537229,485,0.125,295,-190,-36
295,422,Allergists and Immunologists,29-1229.01,40.3375,70.67999999999999,52.41,18.27,0.3833448393150025,2,0,0,11,1,2,376,0.5707059988681381,384,0.125,296,-88,-80
296,888,Taxi Drivers,53-3054.00,6.25,16.0,12.0,4.0,0.375,2,4,3,5,0,2,388,0.390625,645,0.125,297,-348,-91
297,143,Surveyors,17-1022.00,56.7775,96.52,76.5,20.02,0.3287917240654425,2,0,3,13,3,3,452,0.5882459593866556,360,0.125,298,-62,-154
298,403,Advanced Practice Psychiatric Nurses,29-1141.02,51.975,100.39,79.93,20.46,0.3245372333684067,2,3,2,14,0,3,458,0.5177308496862237,458,0.125,299,-159,-159
299,767,Electrical and Electronic Equipment Assemblers,51-2022.00,27.9625,62.6,50.43,12.17,0.3132282150476172,1,5,1,6,1,2,475,0.4466853035143769,556,0.125,300,-256,-175
300,642,Agricultural Inspectors,45-2011.00,41.445,68.23,55.26,12.97,0.3079144780387243,1,0,0,13,0,2,485,0.6074307489374176,333,0.125,301,-32,-184
301,608,"Interviewers, Except Eligibility and Loan",43-4111.00,34.7025,64.98,52.7,12.28,0.3065346431854259,1,1,5,5,2,2,490,0.5340489381348107,439,0.125,302,-137,-188
302,616,Cargo and Freight Agents,43-5011.00,42.205,76.12,63.25,12.87,0.2809774800360854,1,2,7,8,3,3,524,0.5544534944823961,410,0.125,303,-107,-221
303,241,Food Science Technicians,19-4013.00,42.415,66.46,57.89,8.57,0.2246434153519605,0,0,3,9,2,2,601,0.6382034306349684,279,0.125,304,25,-297
304,872,"First-Line Supervisors of Helpers, Laborers, and Material Movers, Hand",53-1042.00,57.8825,95.87,83.73,12.14,0.2211894042348927,0,0,6,14,1,3,608,0.6037603004068008,338,0.125,305,-33,-303
305,162,Manufacturing Engineers,17-2112.03,62.64,88.39,77.3,11.09,0.21944958704328,0,0,2,12,7,3,610,0.7086774522004752,148,0.125,306,158,-304
306,463,Health Information Technologists and Medical Registrars,29-9021.00,11.0,16.0,14.0,2.0,0.21875,0,0,0,12,2,2,612,0.6875,190,0.125,307,117,-305
307,216,Materials Scientists,19-2032.00,39.775,63.1,55.44,7.66,0.2133159199419331,0,0,5,6,3,2,615,0.6303486529318542,300,0.125,308,8,-307
308,578,Travel Agents,41-3041.00,23.5875,35.56,31.26,4.3,0.2126003231598301,0,1,1,2,3,1,616,0.6633155230596176,230,0.125,309,79,-307
309,144,Geodetic Surveyors,17-1022.01,43.72,66.22,58.26,7.959999999999999,0.2115120871907623,0,0,3,8,3,2,618,0.6602234974327997,237,0.125,310,73,-308
310,470,Nursing Assistants,31-1131.00,29.34,140.8,71.79,69.01,0.4998050809497676,12,8,7,2,0,4,13,0.2083806818181818,845,0.1212121212121212,311,-534,298
311,110,Computer Network Architects,15-1241.00,83.205,118.71,103.61,15.1,0.2220414254289406,0,0,6,11,12,4,606,0.700909780136467,163,0.1212121212121212,312,149,-294
312,715,"Computer, Automated Teller, and Office Machine Repairers",49-2011.00,38.46,98.12,67.11,31.01,0.4323186007000922,5,5,4,6,2,3,305,0.3919690175295556,642,0.12,313,-329,8
313,832,Stationary Engineers and Boiler Operators,51-8021.00,42.45,101.21,69.65,31.56,0.4291817647899013,5,4,2,11,0,3,312,0.419424958008102,603,0.12,314,-289,2
314,826,"Woodworking Machine Setters, Operators, and Tenders, Except Sawing",51-7042.00,43.695,102.22,78.61,23.61,0.355248314267327,3,6,3,10,0,3,415,0.427460379573469,586,0.12,315,-271,-100
315,779,Food Batchmakers,51-3092.00,62.5725,111.99,93.98,18.009999999999998,0.2699110470148442,1,1,5,15,0,3,541,0.5587329225823734,403,0.12,316,-87,-225
316,167,Automotive Engineers,17-2141.02,65.3075,92.51,81.0,11.51,0.2178777974331009,0,0,0,17,5,3,613,0.7059507080315641,154,0.12,317,163,-296
317,390,Occupational Therapists,29-1122.00,26.51,70.53,40.42,30.11,0.4893158600729577,5,0,5,4,1,2,109,0.3758684247837799,663,0.1176470588235294,318,-345,209
318,841,"Grinding and Polishing Workers, Hand",51-9022.00,17.01,67.14,42.35,24.79,0.4657976179669476,4,8,1,1,1,2,204,0.2533512064343163,803,0.1176470588235294,319,-484,115
319,544,Motion Picture Projectionists,39-3021.00,30.9,68.06,52.82,15.24,0.3475597450832695,2,5,3,1,4,2,423,0.4540111666176903,545,0.1176470588235294,320,-225,-103
320,516,"Cooks, Institution and Cafeteria",35-2012.00,34.3875,74.16,60.21,13.95,0.3054452587425771,1,3,6,3,2,2,492,0.4636933656957929,534,0.1176470588235294,321,-213,-171
321,37,"Entertainment and Recreation Managers, Except Gambling",11-9072.00,38.9025,67.97,55.54,12.43,0.2988632121385455,1,2,3,5,4,2,502,0.5723480947476829,379,0.1176470588235294,322,-57,-180
322,343,Commercial and Industrial Designers,27-1021.00,38.64,59.99,49.12,10.87,0.2967291236876426,1,0,3,6,5,2,503,0.6441073512252042,269,0.1176470588235294,323,54,-180
323,2,General and Operations Managers,11-1021.00,41.025,62.83,52.03,10.8,0.2846908162558857,1,0,0,12,2,2,517,0.6529524112685023,253,0.1176470588235294,324,71,-193
324,105,Health Informatics Specialists,15-1211.01,42.0375,67.68,56.08,11.6,0.284037243822969,1,0,2,10,2,2,519,0.6211214539007092,313,0.1176470588235294,325,12,-194
325,262,Healthcare Social Workers,21-1022.00,38.6475,68.94,60.54,8.4,0.213997717014303,0,0,7,7,1,2,614,0.5605961705831158,394,0.1176470588235294,326,-68,-288
326,133,Operations Research Analysts,15-2031.00,56.9325,70.44,62.01,8.43,0.210707797277178,0,0,1,3,11,2,619,0.8082410562180579,27,0.1176470588235294,327,300,-292
327,809,Sewing Machine Operators,51-6031.00,42.41,105.03,68.04,36.99,0.4563015047481842,6,4,3,8,2,3,234,0.4037893935066171,627,0.1153846153846153,328,-299,94
328,887,Shuttle Drivers and Chauffeurs,53-3053.00,55.675,113.98,87.9,26.08,0.3529142157323832,3,3,5,11,1,3,418,0.4884628882260045,498,0.1153846153846153,329,-169,-89
329,845,"Extruding, Forming, Pressing, and Compacting Machine Setters, Operators, and Tenders",51-9041.00,51.915,108.58,92.08,16.5,0.2577386656956879,1,5,8,8,1,3,556,0.4781267268373549,511,0.1153846153846153,330,-181,-226
330,160,Human Factors Engineers and Ergonomists,17-2112.01,70.6625,104.37,89.65,14.72,0.2422906932921895,1,0,3,12,7,3,582,0.6770384210022036,202,0.1153846153846153,331,129,-251
331,174,Photonics Engineers,17-2199.07,59.6625,86.12,75.03,11.09,0.2243822227984628,0,0,3,13,7,3,602,0.6927833255921969,177,0.1153846153846153,332,155,-270
332,511,School Bus Monitors,33-9094.00,4.5,18.0,10.0,8.0,0.4938271604938271,6,4,4,2,0,2,81,0.25,808,0.1111111111111111,333,-475,252
333,651,Logging Equipment Operators,45-4022.00,9.27,35.72,19.99,15.73,0.4928884166887162,3,2,2,1,0,1,87,0.259518477043673,794,0.1111111111111111,334,-460,247
334,431,Acupuncturists,29-1291.00,23.3275,79.82,49.65,30.17,0.4702200158324155,5,5,2,4,0,2,185,0.2922513154597845,761,0.1111111111111111,335,-426,150
335,327,"Substitute Teachers, Short-Term",25-3031.00,21.5875,76.11,49.91,26.2,0.4514767738007426,4,6,4,1,1,2,248,0.2836355275259493,769,0.1111111111111111,336,-433,88
336,401,Registered Nurses,29-1141.00,52.5,115.13,83.9,31.23,0.3953547230462078,4,2,6,12,0,3,362,0.4560062538000521,542,0.1111111111111111,337,-205,-25
337,803,"Tool Grinders, Filers, and Sharpeners",51-4194.00,25.355,75.09,54.88,20.21,0.3934107321757683,3,7,1,5,0,2,366,0.3376614728991876,705,0.1111111111111111,338,-367,-28
338,862,Cooling and Freezing Equipment Operators and Tenders,51-9193.00,27.445,70.12,54.2,15.92,0.350984979217438,2,6,2,6,0,2,420,0.3914004563605248,643,0.1111111111111111,339,-304,-81
339,665,Construction Laborers,47-2061.00,11.0925,97.84,14.79,83.05,0.256628519437679,20,0,0,4,0,3,558,0.1133738757154537,894,0.1111111111111111,340,-554,-218
340,614,Receptionists and Information Clerks,43-4171.00,47.105,71.79,63.27,8.52,0.2091893248328939,0,2,4,3,7,2,621,0.6561498815991084,247,0.1111111111111111,341,94,-280
341,21,Hydroelectric Production Managers,11-3051.06,45.4025,71.42,63.31,8.11,0.2013184007171871,0,1,0,15,0,2,628,0.6357112853542426,286,0.1111111111111111,342,56,-286
342,610,Loan Interviewers and Clerks,43-4131.00,49.7625,78.29,69.43,8.86,0.200723534916354,0,2,0,12,2,2,629,0.6356175756801635,287,0.1111111111111111,343,56,-286
343,196,Animal Scientists,19-1011.00,24.3875,36.16,32.49,3.67,0.182384920265878,0,0,2,4,2,1,642,0.674433075221239,210,0.1111111111111111,344,134,-298
344,466,Surgical Assistants,29-9093.00,40.96,121.87,62.19,59.68,0.4997879082258315,11,0,5,9,0,3,15,0.3360958398293263,708,0.1071428571428571,345,-363,330
345,570,Cashiers,41-2011.00,65.765,121.83,100.27,21.56,0.2913005326194344,2,6,5,4,8,3,509,0.539809570713289,435,0.1071428571428571,346,-89,-163
346,179,Architectural and Civil Drafters,17-3011.00,57.935,96.14,80.47,15.67,0.2728505024548788,1,1,2,20,1,3,538,0.6026107759517371,343,0.1071428571428571,347,4,-191
347,476,Physical Therapist Aides,31-2022.00,15.1525,76.12,32.56,43.56,0.4895586220722376,9,4,2,1,1,2,105,0.1990606936416185,853,0.1052631578947368,348,-505,243
348,726,Aircraft Mechanics and Service Technicians,49-3011.00,57.5375,145.53,83.95,61.58,0.4881860014331474,12,2,2,18,0,4,117,0.3953652167937882,637,0.1052631578947368,349,-288,232
349,783,"Rolling Machine Setters, Operators, and Tenders, Metal and Plastic",51-4023.00,28.47,77.75999999999999,45.0,32.76,0.4876114540466392,6,1,3,7,0,2,120,0.3661265432098766,675,0.1052631578947368,350,-325,230
350,704,"Service Unit Operators, Oil and Gas",47-5013.00,32.175,76.07,45.35,30.72,0.4815059586600864,6,0,3,7,1,2,142,0.4229656894965163,594,0.1052631578947368,351,-243,209
351,922,"Tank Car, Truck, and Ship Loaders",53-7121.00,35.09,81.47,51.24,30.23,0.4667473181999189,5,1,2,8,1,2,200,0.430710691051921,581,0.1052631578947368,352,-229,152
352,778,"Food and Tobacco Roasting, Baking, and Drying Machine Operators and Tenders",51-3091.00,36.8475,79.92,63.52,16.4,0.3261920579237896,2,4,3,7,1,2,454,0.4610548048048048,537,0.1052631578947368,353,-184,-101
353,465,Genetic Counselors,29-9092.00,47.1075,79.6,70.34,9.26,0.2055972071412336,0,0,5,12,0,2,623,0.5918027638190956,357,0.1052631578947368,354,-3,-269
354,139,Bioinformatics Technicians,15-2099.01,57.695,68.84,61.33,7.51,0.1943842951056456,0,0,0,4,13,2,637,0.838102847181871,14,0.1052631578947368,355,341,-282
355,811,Shoe Machine Operators and Tenders,51-6042.00,33.989999999999995,80.8,72.1,8.7,0.1921594696598372,0,8,3,6,0,2,640,0.4206683168316831,599,0.1052631578947368,356,-243,-284
356,134,Statisticians,15-2041.00,67.365,77.6,70.26,7.34,0.1712816186629819,0,0,1,1,15,2,657,0.8681056701030928,6,0.1052631578947368,357,351,-300
357,732,"Mobile Heavy Equipment Mechanics, Except Engines",49-3042.00,26.805,80.51,43.68,36.83,0.4963804757217762,7,2,3,5,1,2,58,0.3329400074524903,713,0.1,358,-355,300
358,912,Cleaners of Vehicles and Equipment,53-7061.00,20.695,73.34,40.46,32.88,0.4946589504828961,7,5,1,5,0,2,75,0.2821788928279247,770,0.1,359,-411,284
359,742,"Heating, Air Conditioning, and Refrigeration Mechanics and Installers",49-9021.00,30.08,114.23,44.71,69.52,0.4764135174568705,16,2,2,4,3,3,164,0.2633283725816335,789,0.1,360,-429,196
360,695,Fence Erectors,47-4031.00,8.9475,80.75,24.42,56.33,0.4219202254406733,12,4,1,1,0,2,324,0.1108049535603715,896,0.1,361,-535,37
361,721,"Electrical and Electronics Repairers, Commercial and Industrial Equipment",49-2094.00,33.3675,78.17,57.61,20.56,0.3876776438201812,3,4,4,5,2,2,370,0.4268581297172828,588,0.1,362,-226,-8
362,28,"Farmers, Ranchers, and Other Agricultural Managers",11-9013.00,47.8725,87.18,65.43,21.75,0.3744832936956976,4,0,6,12,5,3,390,0.5491225051617343,421,0.1,363,-58,-27
363,190,Mechanical Engineering Technologists and Technicians,17-3027.00,59.8025,94.92,80.06,14.86,0.2640881606512655,1,0,6,15,5,3,547,0.6300305520438264,301,0.1,364,63,-183
364,637,"Office Clerks, General",43-9061.00,44.965,75.84,64.1,11.739999999999998,0.2616733373836104,1,1,7,3,6,2,552,0.5928929324894515,354,0.1,365,11,-187
365,23,"Transportation, Storage, and Distribution Managers",11-3071.00,70.4675,105.78,94.05,11.73,0.1971876368369931,0,0,2,23,2,3,634,0.6661703535640008,223,0.1,366,143,-268
366,600,Brokerage Clerks,43-4011.00,29.4025,39.85,35.54,4.31,0.1929159064182024,0,0,1,4,4,1,638,0.7378293601003764,93,0.1,367,274,-271
367,213,Physicists,19-2012.00,29.6075,39.43,35.43,4.0,0.1823087801578271,0,0,1,4,4,1,643,0.7508876489982248,73,0.1,368,295,-275
368,58,"Wholesale and Retail Buyers, Except Farm Products",13-1022.00,47.2725,71.74,64.52,7.220000000000001,0.1810251046724267,0,0,4,11,3,2,645,0.658942012824087,240,0.1,369,129,-276
369,154,"Electronics Engineers, Except Computer",17-2072.00,50.3975,66.78,60.12,6.66,0.1795685878480977,0,0,0,11,7,2,647,0.7546795447738844,70,0.1,370,300,-277
370,163,Marine Engineers and Naval Architects,17-2121.00,70.74,106.78,96.53,10.25,0.1735546820143791,0,0,6,17,4,3,653,0.6624836111631391,232,0.1,371,139,-282
371,847,"Inspectors, Testers, Sorters, Samplers, and Weighers",51-9061.00,67.07,127.86,102.78,25.08,0.3153528359818117,3,3,8,10,4,3,472,0.5245581104332864,452,0.0967741935483871,372,-80,-100
372,831,Hydroelectric Plant Technicians,51-8013.04,37.225,86.3,53.95,32.35,0.4686775362562081,6,1,2,9,1,2,191,0.4313441483198146,579,0.0952380952380952,373,-206,182
373,583,Demonstrators and Product Promoters,41-9011.00,29.2525,85.16,57.07,28.09,0.4420977472074228,5,5,6,0,3,2,279,0.3435004697040864,697,0.0952380952380952,374,-323,95
374,400,Veterinarians,29-1131.00,46.3475,87.68,61.55,26.13,0.4184045323655364,4,0,3,9,3,2,328,0.5285983120437956,446,0.0952380952380952,375,-71,47
375,391,"Low Vision Therapists, Orientation and Mobility Specialists, and Vision Rehabilitation Therapists",29-1122.01,33.8575,87.48,65.47,22.01,0.3765952434565225,3,3,10,2,1,2,384,0.3870313214449017,650,0.0952380952380952,376,-274,-8
376,161,Validation Engineers,17-2112.02,49.51,80.99,65.64,15.35,0.3072162261186846,2,0,3,11,3,2,488,0.6113100382763305,324,0.0952380952380952,377,53,-111
377,512,Retail Loss Prevention Specialists,33-9099.02,54.545,90.51,76.9,13.61,0.2555179008025099,1,0,4,13,1,2,560,0.602640592199757,342,0.0952380952380952,378,36,-182
378,16,Industrial Production Managers,11-3051.00,39.0625,56.07,48.26,7.81,0.2397768414084297,0,0,0,15,4,2,586,0.6966738006063848,169,0.0952380952380952,379,210,-207
379,265,Probation Officers and Correctional Treatment Specialists,21-1092.00,55.165,87.19,79.25,7.939999999999999,0.1655451316907188,0,1,2,16,0,2,666,0.6326987039798142,289,0.0952380952380952,380,91,-286
380,498,Intelligence Analysts,33-3021.06,56.432500000000005,81.35,74.05,7.3,0.1633664245301229,0,0,1,16,2,2,670,0.6937000614628152,176,0.0952380952380952,381,205,-289
381,42,Water Resource Specialists,11-9121.02,52.365,73.62,67.27,6.35,0.1576280570557666,0,0,2,13,4,2,681,0.7112876935615322,142,0.0952380952380952,382,240,-299
382,221,"Geoscientists, Except Hydrologists and Geographers",19-2042.00,72.3,116.15,99.12,17.03,0.2502462099697775,1,1,4,19,4,3,569,0.6224709427464485,310,0.09375,383,73,-186
383,724,Audiovisual Equipment Installers and Repairers,49-2097.00,7.890000000000001,43.52,19.71,23.81,0.4955622795131379,5,3,1,1,0,1,66,0.1812959558823529,863,0.0909090909090909,384,-479,318
384,473,Occupational Therapy Assistants,31-2011.00,33.7375,98.18,61.48,36.7,0.4681487447175174,6,3,5,6,0,2,194,0.3436290486860868,696,0.0909090909090909,385,-311,191
385,455,Licensed Practical and Licensed Vocational Nurses,29-2061.00,33.9375,92.07,58.81,33.26,0.4614951419241281,6,3,4,7,0,2,218,0.3686054089279896,671,0.0909090909090909,386,-285,168
386,541,Animal Caretakers,39-2021.00,37.785,89.85,62.03,27.82,0.427516360817773,5,3,4,6,2,2,317,0.4205342237061769,600,0.0909090909090909,387,-213,70
387,379,Chiropractors,29-1011.00,10.335,50.44,13.78,36.66,0.3971197789350622,7,0,0,3,0,1,360,0.2048969072164948,848,0.0909090909090909,388,-460,28
388,802,"Plating Machine Setters, Operators, and Tenders, Metal and Plastic",51-4193.00,64.75750000000001,131.76,109.35,22.41,0.2823081832840635,3,6,5,16,0,3,521,0.4914807225258046,490,0.0909090909090909,389,-101,-132
389,773,Team Assemblers,51-2092.00,23.85,44.66,37.17,7.49,0.2791688367842295,1,1,3,4,1,1,528,0.5340349305866547,440,0.0909090909090909,390,-50,-138
390,409,Audiologists,29-1181.00,54.4925,93.82,80.6,13.22,0.2421060462163951,1,2,5,8,4,2,583,0.5808196546578555,373,0.0909090909090909,391,18,-192
391,628,Executive Secretaries and Executive Administrative Assistants,43-6011.00,55.645,84.91,73.25,11.66,0.2369291483520672,1,1,2,11,5,2,588,0.6553409492403721,250,0.0909090909090909,392,142,-196
392,639,Proofreaders and Copy Markers,43-9081.00,34.1975,45.99,41.57,4.42,0.1737422615814878,0,1,2,0,7,1,652,0.7435855620787128,86,0.0909090909090909,393,307,-259
393,249,Social Science Research Assistants,19-4061.00,55.745000000000005,86.4,78.26,8.14,0.1706737611454047,0,1,7,6,6,2,658,0.6451967592592592,265,0.0909090909090909,394,129,-264
394,394,Recreational Therapists,29-1125.00,26.4375,48.88,44.34,4.54,0.168507464085867,0,1,4,5,0,1,662,0.5408653846153846,431,0.0909090909090909,395,-36,-267
395,861,"Cleaning, Washing, and Metal Pickling Equipment Operators and Tenders",51-9192.00,24.6925,43.57,39.61,3.96,0.1652551124929933,0,2,2,5,1,1,668,0.5667316961211842,389,0.0909090909090909,396,7,-272
396,770,Structural Metal Fabricators and Fitters,51-2041.00,23.28,89.01,44.18,44.83,0.4999733363797387,10,3,4,4,0,2,5,0.2615436467812605,790,0.0869565217391304,397,-393,392
397,545,"Ushers, Lobby Attendants, and Ticket Takers",39-3031.00,28.64,88.13,57.69,30.44,0.4521969642728229,6,5,5,5,0,2,245,0.3249744695336435,723,0.0869565217391304,398,-325,153
398,807,Laundry and Dry-Cleaning Workers,51-6011.00,23.73,90.89,63.33,27.56,0.4225581573912895,5,11,2,3,0,2,323,0.2610848278138409,792,0.0869565217391304,399,-393,76
399,814,Textile Bleaching and Dyeing Machine Operators and Tenders,51-6061.00,47.21,99.46,74.39,25.07,0.3770526335879544,4,2,4,11,0,2,383,0.4746631811783632,515,0.0869565217391304,400,-115,17
400,817,"Textile Winding, Twisting, and Drawing Out Machine Setters, Operators, and Tenders",51-6064.00,47.0925,95.11,75.2,19.91,0.3310295265858265,3,2,7,7,2,2,447,0.4951372095468405,482,0.0869565217391304,401,-81,-46
401,103,"Fraud Examiners, Investigators and Analysts",13-2099.04,64.66,96.86,80.5,16.36,0.2807503109511466,2,0,0,15,4,2,525,0.6675614288664051,217,0.0869565217391304,402,185,-123
402,256,Substance Abuse and Behavioral Disorder Counselors,21-1011.00,46.485,100.23,86.61,13.62,0.2348441147467979,1,3,11,6,0,2,589,0.4637832984136485,533,0.0869565217391304,403,-130,-186
403,873,Recycling Coordinators,53-1042.01,60.27,84.17999999999999,76.65,7.529999999999999,0.1628993263087089,0,0,1,16,4,2,671,0.7159657875980043,129,0.0869565217391304,404,275,-267
404,396,Speech-Language Pathologists,29-1127.00,55.3125,99.73,91.3,8.43,0.1547664103688604,0,2,10,7,2,2,684,0.5546224806978842,409,0.0869565217391304,405,-4,-279
405,219,Environmental Restoration Planners,19-2041.02,59.82,89.39,82.79,6.6,0.1367646754604716,0,0,3,17,1,2,701,0.6692023716299362,215,0.0869565217391304,406,191,-295
406,122,Web Administrators,15-1299.01,104.585,136.44,123.3,13.14,0.1740624195041804,0,0,2,15,15,3,651,0.7665274113163295,56,0.0857142857142857,407,351,-244
407,447,Emergency Medical Technicians,29-2042.00,4.0,12.0,6.0,6.0,0.5,5,0,2,4,0,1,1,0.3333333333333333,711,0.0833333333333333,408,-303,407
408,387,Physician Assistants,29-1071.00,21.8875,54.57,31.39,23.18,0.488682554520492,4,1,0,6,0,1,116,0.4010903426791277,630,0.0833333333333333,409,-221,293
409,755,Wind Turbine Service Technicians,49-9081.00,11.1975,49.93,20.48,29.45,0.4838626670970442,6,0,4,1,0,1,136,0.2242639695573803,834,0.0833333333333333,410,-424,274
410,864,"Molders, Shapers, and Casters, Except Metal and Plastic",51-9195.00,26.28,86.13,51.34,34.79,0.4815389199219575,8,5,4,5,0,2,141,0.3051201671891327,746,0.0833333333333333,411,-335,270
411,486,Endoscopy Technicians,31-9099.02,14.0975,54.81,21.85,32.96,0.4794563069229786,6,1,1,2,1,1,149,0.2572067141032658,799,0.0833333333333333,412,-387,263
412,467,Midwives,29-9099.01,58.8675,151.43,100.61,50.82,0.4459456795185116,9,5,8,9,2,3,266,0.3887439741134517,649,0.0833333333333333,413,-236,147
413,769,Engine and Other Machine Assemblers,51-2031.00,24.935,50.75,34.62,16.13,0.4336300128612682,3,1,1,4,2,1,300,0.4913300492610837,491,0.0833333333333333,414,-77,114
414,414,Family Medicine Physicians,29-1215.00,32.305,54.1,44.12,9.98,0.3008856741640215,1,0,1,9,0,1,499,0.5971349353049907,349,0.0833333333333333,415,66,-84
415,140,"Architects, Except Landscape and Naval",17-1011.00,59.29,89.61,81.39,8.219999999999999,0.1666325755542177,0,1,2,17,2,2,664,0.6616449057024886,234,0.0833333333333333,416,182,-248
416,588,Telemarketers,41-9041.00,38.7675,51.93,47.27,4.66,0.1633672014523988,0,0,0,8,3,1,669,0.7465337954939341,84,0.0833333333333333,417,333,-252
417,57,"Buyers and Purchasing Agents, Farm Products",13-1021.00,28.8775,44.25,40.34,3.91,0.1611076255226786,0,0,3,7,1,1,675,0.6525988700564971,254,0.0833333333333333,418,164,-257
418,215,Chemists,19-2031.00,30.595,46.26,42.19,4.07,0.1604806495140439,0,0,1,10,0,1,676,0.6613705144833549,235,0.0833333333333333,419,184,-257
419,204,Geneticists,19-1029.03,63.705000000000005,89.79,82.13,7.66,0.1560646867539029,0,0,4,13,5,2,683,0.7094888072168393,145,0.0833333333333333,420,275,-263
420,244,"Environmental Science and Protection Technicians, Including Health",19-4042.00,57.155,87.42999999999999,76.13,11.3,0.2250833198707134,1,0,3,16,3,2,599,0.6537229783827062,252,0.08,421,169,-178
421,222,Hydrologists,19-2043.00,56.94,88.4,76.98,11.42,0.2249932433815851,1,0,5,13,4,2,600,0.6441176470588235,268,0.08,422,154,-178
422,587,Sales Engineers,41-9031.00,64.55,95.61,87.07,8.54,0.1626858476294563,0,0,7,10,6,2,672,0.6751385838301432,208,0.08,423,215,-249
423,227,Industrial-Organizational Psychologists,19-3032.00,65.855,97.65,89.27,8.379999999999999,0.1569043751928645,0,0,5,14,4,2,682,0.6743983614951357,211,0.08,424,213,-258
424,910,Hoist and Winch Operators,53-7041.00,15.36,54.63,28.95,25.68,0.498208556528704,5,2,2,3,0,1,40,0.2811641954969797,772,0.0769230769230769,425,-347,385
425,810,Shoe and Leather Workers and Repairers,51-6041.00,28.6775,111.39,46.28,65.11,0.4857117764494609,13,2,5,1,3,2,130,0.2574512972439177,798,0.0769230769230769,426,-372,296
426,534,Landscaping and Groundskeeping Workers,37-3011.00,17.845,92.0,31.57,60.43,0.4507975189035917,15,2,3,3,1,2,250,0.1939673913043478,857,0.0769230769230769,427,-430,177
427,439,Medical and Clinical Laboratory Technicians,29-2012.00,29.0025,58.97,40.21,18.76,0.4338450505654858,3,0,1,8,0,1,299,0.4918178734949975,489,0.0769230769230769,428,-61,129
428,527,Dishwashers,35-9021.00,18.6475,50.35,35.56,14.79,0.4149167545158074,3,6,0,0,3,1,334,0.3703574975173783,669,0.0769230769230769,429,-240,95
429,915,Machine Feeders and Offbearers,53-7063.00,30.56,52.98,44.89,8.09,0.2587642138225769,1,3,0,5,3,1,555,0.5768214420536051,377,0.0769230769230769,430,53,-125
430,734,Motorboat Mechanics and Service Technicians,49-3051.00,4.8525,51.22,7.58,43.64,0.252176605774205,10,0,1,1,0,1,565,0.0947383834439672,905,0.0769230769230769,431,-474,-134
431,462,Patient Representatives,29-2099.08,29.99,50.15,45.48,4.67,0.1688983696964936,0,0,5,6,1,1,661,0.5980059820538386,348,0.0769230769230769,432,84,-229
432,82,Market Research Analysts and Marketing Specialists,13-1161.00,44.5225,51.83,47.47,4.36,0.1540895897774112,0,0,0,3,9,1,685,0.8590102257379896,8,0.0769230769230769,433,425,-252
433,70,Human Resources Specialists,13-1071.00,65.2675,105.76,97.57,8.19,0.1428852233870652,0,2,4,18,0,2,691,0.6171284039334342,319,0.0769230769230769,434,115,-257
434,754,"Maintenance and Repair Workers, General",49-9071.00,27.42,98.22,51.0,47.22,0.4992594510944788,11,4,5,4,1,2,29,0.2791692119731216,777,0.074074074074074,435,-342,406
435,522,Fast Food and Counter Workers,35-3023.00,44.495,109.69,89.5,20.19,0.300369116385571,3,11,3,6,2,2,500,0.4056431762239037,624,0.074074074074074,436,-188,-64
436,921,Refuse and Recyclable Material Collectors,53-7081.00,20.0975,55.65,31.85,23.8,0.4895375974051659,5,3,0,3,2,1,106,0.361141060197664,680,0.0714285714285714,437,-243,331
437,868,"Paper Goods Machine Setters, Operators, and Tenders",51-9196.00,20.2775,58.7,33.93,24.77,0.487824557635771,5,1,3,4,0,1,119,0.345442930153322,692,0.0714285714285714,438,-254,319
438,483,Veterinary Assistants and Laboratory Animal Caretakers,31-9096.00,38.5625,117.75,72.74,45.01,0.4722701249994366,9,6,5,4,2,2,178,0.3274946921443736,721,0.0714285714285714,439,-282,261
439,736,Outdoor Power Equipment and Other Small Engine Mechanics,49-3053.00,14.0375,60.64,21.43,39.21,0.4570151780306458,8,0,3,1,1,1,231,0.2314891160949868,824,0.0714285714285714,440,-384,209
440,201,Zoologists and Wildlife Biologists,19-1023.00,25.255,49.36,35.96,13.4,0.3955525376357078,3,1,2,5,2,1,361,0.5116491085899514,465,0.0714285714285714,441,-24,80
441,801,"Layout Workers, Metal and Plastic",51-4192.00,28.805,57.32,44.64,12.68,0.3445569954355734,2,2,3,4,2,1,428,0.5025296580600139,470,0.0714285714285714,442,-28,14
442,525,"Food Servers, Nonrestaurant",35-3041.00,28.43,63.09,49.83,13.26,0.3320040274869428,2,4,2,3,2,1,444,0.4506260897131082,549,0.0714285714285714,443,-106,-1
443,146,Agricultural Engineers,17-2021.00,34.1425,50.57,43.19,7.38,0.2492778293442494,1,0,0,10,2,1,573,0.675153252916749,207,0.0714285714285714,444,237,-129
444,158,Fire-Prevention and Protection Engineers,17-2111.02,38.435,53.05,48.81,4.24,0.1470733156794623,0,0,0,11,2,1,688,0.7245051837888784,118,0.0714285714285714,445,327,-243
445,594,Billing and Posting Clerks,43-3021.00,71.9975,101.15,93.24,7.91,0.1441706876114987,0,3,4,7,12,2,689,0.7117894216510133,137,0.0714285714285714,446,309,-243
446,211,"Medical Scientists, Except Epidemiologists",19-1042.00,39.5525,57.64,53.15,4.49,0.1436586104086672,0,1,0,10,2,1,690,0.6861988202637058,193,0.0714285714285714,447,254,-243
447,19,Biofuels Production Managers,11-3051.03,39.2625,56.8,52.58,4.22,0.1375518250347152,0,0,1,11,1,1,699,0.6912411971830986,179,0.0714285714285714,448,269,-251
448,224,Economists,19-3011.00,43.2,53.26,50.43,2.83,0.1006243470239096,0,0,2,4,7,1,741,0.811115283514833,24,0.0714285714285714,449,425,-292
449,361,Musicians and Singers,27-2042.00,60.905,107.4,73.66,33.74,0.4309215623038538,7,0,4,7,9,2,306,0.5670856610800745,387,0.0689655172413793,450,63,144
450,795,"Molding, Coremaking, and Casting Machine Setters, Operators, and Tenders, Metal and Plastic",51-4072.00,46.38,110.07,83.18,26.89,0.3692340814791917,5,6,5,11,0,2,398,0.4213682202234942,597,0.0689655172413793,451,-146,53
451,855,"Coating, Painting, and Spraying Machine Setters, Operators, and Tenders",51-9124.00,58.525,100.28,87.37,12.91,0.2243313258178256,2,3,1,21,0,2,603,0.5836158755484643,368,0.0689655172413793,452,84,-151
452,119,Web Developers,15-1254.00,83.1825,100.04,92.64,7.4,0.1369975800163738,0,0,2,8,17,2,700,0.8314924030387846,18,0.0689655172413793,453,435,-247
453,851,Medical Appliance Technicians,51-9082.00,19.915,62.75,33.4,29.35,0.4979171759178427,6,2,1,5,0,1,45,0.3173705179282868,731,0.0666666666666666,454,-277,409
454,753,Watch and Clock Repairers,49-9064.00,18.9525,65.08,39.04,26.04,0.4800491400305765,5,4,2,2,1,1,148,0.2912185003073141,763,0.0666666666666666,455,-308,307
455,509,"Lifeguards, Ski Patrol, and Other Recreational Protective Service Workers",33-9092.00,14.1675,61.52,24.43,37.09,0.4788259096389514,8,2,0,4,0,1,153,0.2302909622886866,827,0.0666666666666666,456,-371,303
456,720,"Electrical and Electronics Installers and Repairers, Transportation Equipment",49-2093.00,13.375,54.71,21.68,33.03,0.478480692183284,8,1,2,2,1,1,154,0.2444708462803874,814,0.0666666666666666,457,-357,303
457,899,Parking Attendants,53-6021.00,16.5875,59.25,39.06,20.19,0.4492849222880948,4,5,3,2,0,1,254,0.2799578059071729,776,0.0666666666666666,458,-318,204
458,702,"Derrick Operators, Oil and Gas",47-5011.00,14.855,63.32,21.26,42.06,0.4460470914713299,9,0,1,4,0,1,265,0.2346020214782059,823,0.0666666666666666,459,-364,194
459,494,Bailiffs,33-3011.00,11.5175,63.51,20.63,42.88,0.4386314574210253,9,2,0,3,0,1,288,0.1813493937962525,862,0.0666666666666666,460,-402,172
460,716,"Radio, Cellular, and Tower Equipment Installers and Repairers",49-2021.00,17.94,85.11,26.7,58.41,0.4305933141655367,19,1,0,8,0,2,307,0.2107860415932323,842,0.0666666666666666,461,-381,154
461,417,Obstetricians and Gynecologists,29-1218.00,35.3975,66.3,51.78,14.52,0.3420830859319015,2,0,3,9,0,1,434,0.5338989441930618,441,0.0666666666666666,462,21,28
462,320,"Special Education Teachers, Kindergarten",25-2055.00,13.25,30.0,26.0,4.0,0.231111111111111,2,2,21,3,0,2,592,0.4416666666666666,564,0.0666666666666666,463,-101,-129
463,334,Farm and Home Management Educators,25-9021.00,33.655,56.6,49.51,7.09,0.2191473860330384,1,1,6,2,4,1,611,0.5946113074204947,351,0.0666666666666666,464,113,-147
464,332,Librarians and Media Collections Specialists,25-4022.00,65.3425,108.6,98.25,10.35,0.1724420805225724,1,1,12,10,4,2,656,0.6016804788213629,345,0.0666666666666666,465,120,-191
465,611,New Accounts Clerks,43-4141.00,37.7825,61.24,56.66,4.58,0.1383890346298426,0,1,3,9,1,1,696,0.6169578706727629,320,0.0666666666666666,466,146,-230
466,107,Computer and Information Research Scientists,15-1221.00,43.3,52.03,48.27,3.76,0.1340872511456727,0,0,0,6,8,1,705,0.8322121852777244,17,0.0666666666666666,467,450,-238
467,641,"First-Line Supervisors of Farming, Fishing, and Forestry Workers",45-1011.00,71.87,108.95,101.15,7.8,0.1329339826677991,0,0,6,21,1,2,706,0.6596603946764571,239,0.0666666666666666,468,229,-238
468,54,Wind Energy Development Managers,11-9199.10,38.865,55.81,51.82,3.99,0.1327627546824614,0,0,0,14,0,1,707,0.6963805769575345,171,0.0666666666666666,469,298,-238
469,426,Preventive Medicine Physicians,29-1229.05,44.5375,60.99,56.78,4.21,0.1285257695743897,0,0,0,12,2,1,710,0.7302426627315953,107,0.0666666666666666,470,363,-240
470,653,First-Line Supervisors of Construction Trades and Extraction Workers,47-1011.00,37.5975,60.37,56.45,3.92,0.1214332608348676,0,1,3,10,0,1,715,0.6227844956104026,308,0.0666666666666666,471,163,-244
471,719,"Electric Motor, Power Tool, and Related Repairers",49-2092.00,35.03,119.14,56.81,62.33,0.4989266707413426,14,3,3,8,1,2,31,0.2940238375020984,760,0.064516129032258,472,-288,441
472,631,"Secretaries and Administrative Assistants, Except Legal, Medical, and Executive",43-6014.00,82.7225,117.06,109.82,7.24,0.1160467445349148,0,1,7,12,9,2,718,0.7066675209294379,152,0.064516129032258,473,321,-245
473,741,"Control and Valve Installers and Repairers, Except Mechanical Door",49-9012.00,34.2975,119.78,63.91,55.87,0.4977472474791752,13,6,5,4,2,2,48,0.2863374519953247,768,0.0625,474,-294,426
474,762,"Helpers--Installation, Maintenance, and Repair Workers",49-9098.00,18.1325,59.59,33.160000000000004,26.43,0.4936224574926483,6,4,1,2,2,1,83,0.3042876321530458,749,0.0625,475,-274,392
475,705,"Excavating and Loading Machine and Dragline Operators, Surface Mining",47-5022.00,26.32,64.31,39.38,24.93,0.4747565517388623,5,1,1,8,0,1,170,0.4092676100139947,615,0.0625,476,-139,306
476,866,"Glass Blowers, Molders, Benders, and Finishers",51-9195.04,26.2925,66.3,41.05,25.25,0.4716040030120413,5,3,0,5,2,1,180,0.3965686274509804,636,0.0625,477,-159,297
477,340,Craft Artists,27-1012.00,22.4475,62.06,38.84,23.22,0.4683255909550383,5,3,3,1,3,1,192,0.3617064131485659,678,0.0625,478,-200,286
478,432,Dental Hygienists,29-1292.00,14.5475,68.6,22.24,46.36,0.4381874899064163,10,2,0,1,2,1,289,0.2120626822157434,841,0.0625,479,-362,190
479,493,Forest Fire Inspectors and Prevention Specialists,33-2022.00,25.485,63.66,43.43,20.23,0.4335931766791633,4,3,1,7,0,1,301,0.400329877474081,634,0.0625,480,-154,179
480,246,Hydrologic Technicians,19-4044.00,9.25,16.0,11.0,5.0,0.4296875,4,0,1,5,5,1,310,0.578125,376,0.0625,481,105,171
481,791,"Pourers and Casters, Metal",51-4052.00,32.1975,70.49,48.68,21.81,0.4273475413306216,4,2,1,7,1,1,318,0.4567669172932331,540,0.0625,482,-58,164
482,451,Psychiatric Technicians,29-2053.00,30.525,67.84,50.15,17.69,0.3855290316143422,3,1,5,6,0,1,373,0.4499557783018867,550,0.0625,483,-67,110
483,347,Interior Designers,27-1025.00,37.945,66.4,57.61,8.79,0.2297103625344754,1,1,5,6,2,1,595,0.5714608433734939,382,0.0625,484,102,-111
484,109,Computer User Support Specialists,15-1232.00,34.917500000000004,55.51,48.44,7.07,0.2222854771177183,1,1,5,2,6,1,605,0.6290308052603135,303,0.0625,485,182,-120
485,339,Art Directors,27-1011.00,43.305,66.07000000000001,57.76,8.31,0.2199123352735607,1,0,5,4,5,1,609,0.655441198728621,249,0.0625,486,237,-123
486,609,"Library Assistants, Clerical",43-4121.00,64.37,123.45,111.89,11.56,0.1697449704812743,1,7,13,2,7,2,659,0.5214256784123127,455,0.0625,487,32,-172
487,149,Civil Engineers,17-2051.00,39.185,57.46,53.58,3.88,0.1259311551830606,0,0,1,14,0,1,712,0.6819526627218935,198,0.0625,488,290,-224
488,357,"Umpires, Referees, and Other Sports Officials",27-2023.00,46.74,67.68,63.68,4.0,0.1112172984815207,0,2,1,8,4,1,727,0.6906028368794326,182,0.0625,489,307,-238
489,41,Clinical Research Coordinators,11-9121.01,83.5525,129.96,117.55,12.41,0.172744808853277,1,1,4,24,1,2,654,0.6429093567251462,271,0.0606060606060606,490,219,-164
490,472,Psychiatric Aides,31-1133.00,16.552500000000002,71.54,37.13,34.41,0.4992772136523775,7,4,3,2,0,1,27,0.2313740564719038,825,0.0588235294117647,491,-334,464
491,559,Baggage Porters and Bellhops,39-6011.00,16.7375,70.19,32.35,37.84,0.4969411075439487,8,4,1,1,2,1,52,0.2384598945718763,819,0.0588235294117647,492,-327,440
492,562,Travel Guides,39-7012.00,35.0325,71.73,50.78,20.95,0.4135281303058629,4,0,5,5,2,1,335,0.4883939774153074,499,0.0588235294117647,493,-6,158
493,649,Forest and Conservation Workers,45-4011.00,8.6925,56.41,15.77,40.64,0.4028127316776677,11,1,2,2,0,1,350,0.154095018613721,880,0.0588235294117647,494,-386,144
494,418,"Pediatricians, General",29-1221.00,38.9275,71.43,53.54,17.89,0.3754545768667436,3,0,1,12,0,1,386,0.5449741005179897,426,0.0588235294117647,495,69,109
495,546,Amusement and Recreation Attendants,39-3091.00,24.4375,59.52,46.15,13.37,0.3483431407352007,3,4,4,4,1,1,422,0.4105762768817204,613,0.0588235294117647,496,-117,74
496,242,Biological Technicians,19-4021.00,34.52,66.9,54.79,12.11,0.2964989800273037,2,2,4,7,1,1,505,0.5159940209267563,461,0.0588235294117647,497,36,-8
497,18,Geothermal Production Managers,11-3051.02,42.105,67.37,56.19,11.18,0.2768201735605058,2,0,1,12,1,1,532,0.6249814457473654,305,0.0588235294117647,498,193,-34
498,818,"Extruding and Forming Machine Setters, Operators, and Tenders, Synthetic and Glass Fibers",51-6091.00,28.1325,67.07,56.0,11.07,0.275618922693787,2,7,1,5,1,1,534,0.4194498285373491,602,0.0588235294117647,499,-103,-35
499,260,Rehabilitation Counselors,21-1015.00,36.7675,69.93,65.64,4.29,0.1151671988222826,0,1,10,5,0,1,721,0.5257757757757757,450,0.0588235294117647,500,50,-221
500,12,Computer and Information Systems Managers,11-3021.00,48.985,65.28,61.29,3.99,0.1147710146788496,0,0,1,11,4,1,723,0.7503829656862745,75,0.0588235294117647,501,426,-222
501,137,Business Intelligence Analysts,15-2051.01,53.015,63.46,59.76,3.7,0.109810071167566,0,0,3,1,12,1,728,0.8354081311062086,16,0.0588235294117647,502,486,-226
502,539,First-Line Supervisors of Personal Service Workers,39-1022.00,46.745,69.36,65.43,3.93,0.1069008842087617,0,0,3,12,1,1,731,0.6739475201845444,212,0.0588235294117647,503,291,-228
503,558,Skincare Specialists,39-5094.00,20.3425,78.71000000000001,43.33,35.38,0.4948991278676886,7,3,5,2,0,1,72,0.2584487358658366,796,0.0555555555555555,504,-292,432
504,756,"Coin, Vending, and Amusement Machine Servicers and Repairers",49-9091.00,21.4075,71.19,44.14,27.05,0.4711851645459453,6,6,2,1,2,1,183,0.3007093692934401,755,0.0555555555555555,505,-250,322
505,412,Dermatologists,29-1213.00,30.9225,77.16,50.03,27.13,0.455959064949835,5,2,2,8,0,1,236,0.400758164852255,632,0.0555555555555555,506,-126,270
506,745,"Maintenance Workers, Machinery",49-9043.00,23.0825,69.77,46.15,23.62,0.4478619310784844,5,3,6,3,0,1,262,0.3308370359753476,716,0.0555555555555555,507,-209,245
507,560,Concierges,39-6012.00,29.6125,69.32,46.13,23.19,0.4452429902683358,5,3,2,5,2,1,271,0.4271855164454703,587,0.0555555555555555,508,-79,237
508,655,Boilermakers,47-2011.00,12.53,65.17,19.42,45.75,0.418383816888628,12,1,0,4,0,1,329,0.192266380236305,858,0.0555555555555555,509,-349,180
509,815,"Textile Cutting Machine Setters, Operators, and Tenders",51-6062.00,38.2825,74.2,57.9,16.3,0.3428375266090773,3,2,3,7,2,1,430,0.5159366576819406,462,0.0555555555555555,510,48,80
510,898,Bridge and Lock Tenders,53-6011.00,41.945,82.19,64.17,18.02,0.3423567229972789,3,3,1,9,1,1,433,0.510341890740966,466,0.0555555555555555,511,45,78
511,691,Helpers--Roofers,47-3016.00,3.2275,71.71000000000001,8.54,63.17,0.2098163357692684,15,1,1,0,0,1,620,0.0450076697810626,917,0.0555555555555555,512,-405,-108
512,650,Fallers,45-4021.00,3.295,75.57000000000001,8.719999999999999,66.85,0.2041498418205751,15,1,1,0,0,1,624,0.04360195844912,918,0.0555555555555555,513,-405,-111
513,569,First-Line Supervisors of Non-Retail Sales Workers,41-1012.00,46.225,69.64999999999999,61.84,7.81,0.1991169672586086,1,0,3,10,3,1,630,0.6636755204594401,229,0.0555555555555555,514,285,-116
514,39,Medical and Health Services Managers,11-9111.00,50.695,71.58,67.47,4.11,0.1082428303128968,0,0,1,15,1,1,729,0.7082285554624197,149,0.0555555555555555,515,366,-214
515,34,Biofuels/Biodiesel Technology and Product Development Managers,11-9041.01,48.1775,63.88,60.71,3.17,0.0943234496898339,0,0,0,14,3,1,757,0.7541875391358798,71,0.0555555555555555,516,445,-241
516,683,Sheet Metal Workers,47-2211.00,20.165,72.58,38.59,33.99,0.4979915929371195,8,3,4,2,1,1,43,0.2778313585009644,779,0.0526315789473684,517,-262,474
517,561,Tour Guides and Escorts,39-7011.00,29.1675,75.03,55.04,19.99,0.3908870855673902,4,3,7,3,1,1,369,0.3887445021991204,648,0.0526315789473684,518,-130,149
518,684,Structural Iron and Steel Workers,47-2221.00,10.4825,74.97,12.46,62.51,0.277154870662862,15,0,0,2,1,1,531,0.1398225957049486,884,0.0526315789473684,519,-365,-12
519,362,"Disc Jockeys, Except Radio",27-2091.00,10.75,19.0,16.0,3.0,0.2659279778393353,2,3,5,2,6,1,546,0.5657894736842105,390,0.0526315789473684,520,130,-26
520,415,General Internal Medicine Physicians,29-1216.00,50.3325,78.03,66.08,11.95,0.2593849186611175,2,0,0,15,1,1,553,0.645040369088812,266,0.0526315789473684,521,255,-32
521,59,"Purchasing Agents, Except Wholesale, Retail, and Farm Products",13-1023.00,51.72,74.49,63.7,10.79,0.2477393102650085,2,0,0,12,4,1,578,0.6943213854208619,174,0.0526315789473684,522,348,-56
522,692,Construction and Building Inspectors,47-4011.00,38.78,67.79,58.79,9.0,0.2302738899695029,2,1,4,11,0,1,593,0.5720607759256527,380,0.0526315789473684,523,143,-70
523,523,Baristas,35-3023.01,40.48,77.75999999999999,69.17999999999999,8.58,0.1963293991007468,1,5,4,5,3,1,635,0.5205761316872428,457,0.0526315789473684,524,67,-111
524,576,Insurance Sales Agents,41-3021.00,46.37,75.05,66.95,8.1,0.1925591688596675,1,0,6,9,2,1,639,0.617854763491006,316,0.0526315789473684,525,209,-114
525,328,Tutors,25-3041.00,52.255,74.79,70.65,4.14,0.1045816372485557,0,0,9,1,8,1,734,0.6986896643936354,166,0.0526315789473684,526,360,-208
526,622,Postal Service Clerks,43-5051.00,42.3475,81.29,76.88,4.41,0.1026142588417085,0,4,7,6,1,1,736,0.5209435354902201,456,0.0526315789473684,527,71,-209
527,612,Order Clerks,43-4151.00,63.6325,78.4,74.18,4.22,0.1018584704289877,0,0,1,8,9,1,737,0.8116390306122448,23,0.0526315789473684,528,505,-209
528,220,Industrial Ecologists,19-2041.03,101.1875,131.78,124.74,7.04,0.1011368418705631,0,0,5,18,13,2,740,0.7678517225679162,54,0.0526315789473684,529,475,-211
529,613,"Human Resources Assistants, Except Payroll and Timekeeping",43-4161.00,46.9125,70.8,67.05,3.75,0.1003213875323183,0,0,5,12,1,1,742,0.6626059322033899,231,0.0526315789473684,530,299,-212
530,875,First-Line Supervisors of Passenger Attendants,53-1044.00,13.75,19.0,18.0,1.0,0.0997229916897508,0,0,2,13,3,1,744,0.7236842105263158,120,0.0526315789473684,531,411,-213
531,538,"First-Line Supervisors of Entertainment and Recreation Workers, Except Gambling Services",39-1014.00,11.0,19.0,18.0,1.0,0.0997229916897508,0,2,7,8,1,1,745,0.5789473684210527,375,0.0526315789473684,532,157,-213
532,532,Maids and Housekeeping Cleaners,37-2012.00,14.3475,79.88,44.88,35.0,0.4923509450455101,8,9,1,1,0,1,88,0.1796131697546319,864,0.05,533,-331,445
533,701,Weatherization Installers and Technicians,47-4099.03,24.205,80.44,48.6,31.84,0.4782942943596395,7,5,3,3,1,1,156,0.3009075087021382,754,0.05,534,-220,378
534,518,"Cooks, Restaurant",35-2014.00,35.19,85.14,51.510000000000005,33.63,0.4779485200597348,7,1,3,6,2,1,160,0.4133192389006342,610,0.05,535,-75,375
535,250,Forest and Conservation Technicians,19-4071.00,30.9825,69.22,46.06,23.16,0.4452760069460996,6,2,1,9,1,1,270,0.4475946258306847,554,0.05,536,-18,266
536,869,Tire Builders,51-9197.00,44.0225,87.92,65.39999999999999,22.52,0.3810665001933268,4,3,0,11,1,1,379,0.5007108735213831,472,0.05,537,65,158
537,676,Paperhangers,47-2142.00,6.14,81.48,20.36,61.12,0.374877240370765,14,4,1,0,0,1,389,0.0753559155621011,915,0.05,538,-377,149
538,751,Medical Equipment Repairers,49-9062.00,38.4925,79.47,63.3,16.17,0.3241434868404083,3,3,4,8,1,1,460,0.4843651692462564,502,0.05,539,37,79
539,338,"Teaching Assistants, Postsecondary",25-9044.00,48.325,74.81,67.17,7.640000000000001,0.1833915803741532,1,2,6,3,7,1,641,0.6459697901350087,263,0.05,540,277,-101
540,344,Fashion Designers,27-1022.00,44.2,76.65,69.19,7.46,0.1757065030303111,1,1,10,3,4,1,650,0.5766470971950424,378,0.05,541,163,-109
541,81,Training and Development Specialists,13-1151.00,56.6825,77.1,72.45,4.65,0.1133476661266632,0,0,5,7,7,1,724,0.7351815823605707,97,0.05,542,445,-182
542,892,Railroad Conductors and Yardmasters,53-4031.00,49.815,81.49,77.17999999999999,4.31,0.1001851619248632,0,2,4,13,0,1,743,0.6113020002454289,325,0.05,543,218,-200
543,607,"Hotel, Motel, and Resort Desk Clerks",43-4081.00,54.182500000000005,88.82,84.32,4.5,0.0961947941539402,0,3,7,4,5,1,752,0.6100258950686783,328,0.05,544,216,-208
544,7,Public Relations Managers,11-2032.00,13.0,20.0,19.0,1.0,0.095,0,0,5,14,0,1,755,0.65,259,0.05,545,286,-210
545,575,Advertising Sales Agents,41-3011.00,57.135,83.23,79.15,4.08,0.093235496672849,0,1,4,10,4,1,760,0.6864712243181544,192,0.05,546,354,-214
546,202,Bioinformatics Scientists,19-1029.01,58.015,70.79,67.35,3.44,0.092466030405625,0,0,3,4,12,1,763,0.8195366577200169,21,0.05,547,526,-216
547,225,Environmental Economists,19-3011.01,60.23,71.54,68.19,3.35,0.0892683734313808,0,0,1,7,11,1,766,0.8419066256639642,13,0.05,548,535,-218
548,623,Postal Service Mail Carriers,43-5052.00,35.05,89.19,71.41,17.78,0.3192187976851022,3,7,5,4,1,1,468,0.3929812759277946,641,0.0476190476190476,549,-92,81
549,268,Clergy,21-2011.00,41.41,87.64,74.91,12.73,0.2483095704367959,2,3,9,5,1,1,576,0.4725011410314924,519,0.0476190476190476,550,31,-26
550,100,"Tax Examiners and Collectors, and Revenue Agents",13-2081.00,58.26,88.53,80.47,8.059999999999999,0.1655076645082274,1,1,1,16,1,1,667,0.6580820060996272,241,0.0476190476190476,551,310,-116
551,94,Personal Financial Advisors,13-2052.00,53.47,80.54,75.92,4.62,0.1081446202868655,0,1,2,16,1,1,730,0.6638937174074994,228,0.0476190476190476,552,324,-178
552,597,Payroll and Timekeeping Clerks,43-3051.00,64.8375,91.09,86.4,4.69,0.0976731460831632,0,0,2,16,2,1,750,0.7117960259084423,136,0.0476190476190476,553,417,-197
553,49,Spa Managers,11-9179.02,61.5425,85.71,81.33,4.38,0.0969821679743418,0,0,7,6,7,1,751,0.7180317349200793,128,0.0476190476190476,554,426,-197
554,130,Information Technology Project Managers,15-1299.09,69.0275,85.16,81.0,4.16,0.0929259564126079,0,0,1,10,9,1,762,0.8105624706434946,26,0.0476190476190476,555,529,-207
555,568,First-Line Supervisors of Retail Sales Workers,41-1011.00,58.6575,87.97,84.11,3.86,0.0839065277570612,0,0,7,10,3,1,772,0.6667898147095601,218,0.0476190476190476,556,338,-216
556,164,Materials Engineers,17-2131.00,64.3275,79.31,76.09,3.22,0.0779036043776957,0,0,0,12,8,1,779,0.8110893960408523,25,0.0476190476190476,557,532,-222
557,366,Editors,27-3041.00,63.21,82.21,79.67,2.54,0.0598837837023243,0,0,3,11,6,1,805,0.7688845639216642,53,0.0476190476190476,558,505,-247
558,820,Upholsterers,51-6093.00,14.435,89.86,40.67,49.19,0.4955051379723704,11,6,4,0,0,1,67,0.1606387714222123,874,0.0454545454545454,559,-315,492
559,813,"Tailors, Dressmakers, and Custom Sewers",51-6052.00,17.7025,89.91,31.85,58.06,0.457509870873852,13,4,0,2,2,1,229,0.1968913357802247,854,0.0454545454545454,560,-294,331
560,825,"Sawing Machine Setters, Operators, and Tenders, Wood",51-7041.00,40.1825,92.61,67.3,25.31,0.3972111552066113,5,4,2,10,0,1,359,0.4338894287873879,575,0.0454545454545454,561,-14,202
561,254,Occupational Health and Safety Specialists,19-5011.00,49.37,84.08,69.98,14.1,0.2791500052960298,3,0,4,13,1,1,529,0.5871788772597526,363,0.0454545454545454,562,199,33
562,714,"First-Line Supervisors of Mechanics, Installers, and Repairers",49-1011.00,55.37,80.14,72.65,7.49,0.16945280249207,1,0,3,13,4,1,660,0.6909158971799351,180,0.0454545454545454,563,383,-97
563,205,Biologists,19-1029.04,56.8975,81.14,76.91,4.23,0.0988287193419337,0,0,5,12,4,1,747,0.7012262755730836,162,0.0454545454545454,564,402,-183
564,217,"Environmental Scientists and Specialists, Including Health",19-2041.00,52.675,75.93,72.13,3.8,0.0950829669081313,0,0,4,15,2,1,754,0.6937310680890293,175,0.0454545454545454,565,390,-189
565,874,First-Line Supervisors of Material-Moving Machine and Vehicle Operators,53-1043.00,53.8225,77.98,74.17,3.81,0.0929430218690043,0,0,4,14,3,1,761,0.690209027955886,183,0.0454545454545454,566,383,-195
566,238,Transportation Planners,19-3099.01,63.3425,84.37,80.52,3.85,0.0871000477656391,0,0,0,18,3,1,768,0.7507704160246533,74,0.0454545454545454,567,493,-201
567,464,Athletic Trainers,29-9091.00,30.4025,88.93,53.17,35.76,0.4808366707256098,8,2,7,4,1,1,145,0.3418700101203193,702,0.0434782608695652,568,-134,423
568,757,Commercial Divers,49-9092.00,21.2225,89.25,31.09,58.16,0.4540029407841568,14,1,0,7,0,1,240,0.2377871148459383,821,0.0434782608695652,569,-252,329
569,748,Electrical Power-Line Installers and Repairers,49-9051.00,15.1675,95.91,23.74,72.17,0.3725114562305629,16,1,1,4,0,1,393,0.1581430507767699,876,0.0434782608695652,570,-306,177
570,890,"Rail Yard Engineers, Dinkey Operators, and Hostlers",53-4013.00,50.4275,96.71,73.15,23.56,0.368533393031523,5,3,0,12,2,1,399,0.521430048598904,454,0.0434782608695652,571,117,172
571,526,Dining Room and Cafeteria Attendants and Bartender Helpers,35-9011.00,28.2775,95.91,75.85,20.06,0.3308176920676675,4,12,4,1,1,1,448,0.2948336982587843,759,0.0434782608695652,572,-187,124
572,548,"Locker Room, Coatroom, and Dressing Room Attendants",39-3093.00,33.4,90.76,72.47,18.29,0.3218199685297904,4,8,6,3,1,1,463,0.3680035257822829,672,0.0434782608695652,573,-99,110
573,487,First-Line Supervisors of Correctional Officers,33-1011.00,58.0675,98.93,81.7,17.23,0.2876612156830334,3,1,1,17,0,1,513,0.5869554230263823,364,0.0434782608695652,574,210,61
574,46,Emergency Management Directors,11-9161.00,63.18,88.67,84.24,4.43,0.0949289469233631,0,0,0,22,0,1,756,0.7125296041502199,134,0.0434782608695652,575,441,-181
575,68,Customs Brokers,13-1041.08,65.1875,91.41,87.36,4.05,0.0846857282079711,0,0,2,19,1,1,770,0.713133136418335,133,0.0434782608695652,576,443,-194
576,352,Media Programming Directors,27-2012.03,60.9225,85.28,81.53,3.75,0.0840783775066966,0,0,3,16,3,1,771,0.7143820356472795,130,0.0434782608695652,577,447,-194
577,392,Physical Therapists,29-1123.00,26.485,102.51,50.74,51.77,0.4999495208554236,11,3,5,4,0,1,8,0.2583650375573114,797,0.0416666666666666,578,-219,570
578,348,Merchandise Displayers and Window Trimmers,27-1026.00,42.4425,92.25,73.87,18.38,0.3190882793163974,4,3,10,3,3,1,470,0.4600813008130081,538,0.0416666666666666,579,41,109
579,121,Video Game Designers,15-1255.01,76.22,94.47,90.02,4.45,0.0897720586520762,0,0,4,6,13,1,764,0.8068169789351117,29,0.0416666666666666,580,551,-184
580,574,Retail Salespersons,41-2031.00,55.5,100.58,96.25,4.33,0.0823939583503765,0,6,7,6,4,1,773,0.5517995625372838,416,0.0416666666666666,581,165,-192
581,38,Lodging Managers,11-9081.00,66.83,99.41,95.18,4.23,0.0814809184873783,0,0,7,13,3,1,775,0.6722663715923951,213,0.0416666666666666,582,369,-193
582,524,Waiters and Waitresses,35-3031.00,39.4225,108.54,65.78,42.76,0.4775094017182817,9,5,3,3,4,1,161,0.363207112585222,676,0.04,583,-93,422
583,662,Tile and Stone Setters,47-2044.00,11.4625,102.14,33.07,69.07,0.4378868865759722,16,5,3,0,0,1,291,0.1122234188368905,895,0.04,584,-311,293
584,806,Print Binding and Finishing Workers,51-5113.00,43.075,106.34,76.75,29.59,0.4016613402053286,6,6,6,2,4,1,352,0.4050686477336844,625,0.04,585,-40,233
585,880,Flight Attendants,53-2031.00,43.425,100.77,76.3,24.47,0.3677273955512288,5,3,8,8,0,1,400,0.4309318249479011,580,0.04,586,6,186
586,844,"Cutting and Slicing Machine Setters, Operators, and Tenders",51-9032.00,43.2175,102.46,78.44,24.02,0.3589482833176396,5,4,7,8,0,1,409,0.421798750731993,596,0.04,587,-9,178
587,292,"Geography Teachers, Postsecondary",25-1064.00,57.585,91.08,84.08,7.0,0.1418974839379261,1,2,9,6,6,1,693,0.6322463768115942,293,0.04,588,295,-105
588,135,Biostatisticians,15-2041.01,73.2075,99.53,95.59,3.94,0.0760379974971079,0,0,3,16,5,1,781,0.7355320004018888,96,0.04,589,493,-192
589,29,Construction Managers,11-9021.00,68.815,96.48,92.7,3.78,0.0752882044998886,0,0,2,20,2,1,782,0.7132566334991708,132,0.04,590,458,-192
590,635,Insurance Claims and Policy Processing Clerks,43-9041.00,65.94,93.91,92.91,1.0,0.0210702056599254,0,0,7,12,5,1,815,0.7021616441273559,161,0.04,591,430,-224
591,698,Rail-Track Laying and Maintenance Equipment Operators,47-4061.00,29.8,99.37,57.1,42.27,0.4888636793605087,10,7,0,8,0,1,113,0.2998893026064204,757,0.0384615384615384,592,-165,479
592,891,"Railroad Brake, Signal, and Switch Operators and Locomotive Firers",53-4022.00,43.0925,106.65,61.96,44.69,0.4868890862650172,11,1,1,12,0,1,126,0.4040553211439287,626,0.0384615384615384,593,-33,467
593,239,Agricultural Technicians,19-4012.00,49.705,93.88,71.56,22.32,0.362450210214964,5,1,7,8,4,1,403,0.5294524925436728,445,0.0384615384615384,594,149,191
594,663,Cement Masons and Concrete Finishers,47-2051.00,11.1675,91.16,14.89,76.27,0.2733189897418886,21,0,0,4,0,1,537,0.1225043878894251,891,0.0384615384615384,595,-296,58
595,255,Occupational Health and Safety Technicians,19-5012.00,56.23,92.57,85.67,6.9,0.1379644918981921,1,1,8,14,1,1,698,0.6074322134600842,332,0.0384615384615384,596,264,-102
596,63,Environmental Compliance Inspectors,13-1041.01,70.8775,102.92,95.74,7.18,0.1297921145610741,1,1,3,16,4,1,708,0.6886659541391371,187,0.0384615384615384,597,410,-111
597,150,Transportation Engineers,17-2051.01,66.435,95.19,91.28,3.91,0.0787770531335467,0,0,4,19,2,1,777,0.6979199495745352,168,0.0384615384615384,598,430,-179
598,646,"Farmworkers and Laborers, Crop, Nursery, and Greenhouse",45-2092.00,31.975,94.8,58.31,36.49,0.4735111671918673,10,5,4,6,1,1,172,0.337289029535865,706,0.037037037037037,599,-107,427
599,495,Correctional Officers and Jailers,33-3012.00,55.305,113.04,91.99,21.05,0.303080794477927,4,5,3,14,0,1,494,0.4892515923566878,495,0.037037037037037,600,105,106
600,408,Nurse Practitioners,29-1171.00,78.3925,122.31,108.84,13.47,0.1960027623749325,2,0,3,21,0,1,636,0.6409328754803368,274,0.037037037037037,601,327,-35
601,198,Soil and Plant Scientists,19-1013.00,57.76,90.78,82.94,7.84,0.1578082604551161,1,0,7,16,2,1,680,0.6362634941617096,283,0.037037037037037,602,319,-78
602,356,Coaches and Scouts,27-2022.00,67.8325,109.03,100.88,8.15,0.1383249920090707,1,1,9,12,3,1,697,0.6221452811152893,311,0.037037037037037,603,292,-94
603,32,"Education Administrators, Postsecondary",11-9033.00,72.6,99.83,95.76,4.07,0.0782143427258172,0,0,3,19,4,1,778,0.7272363017129119,113,0.037037037037037,604,491,-174
604,50,Regulatory Affairs Managers,11-9199.01,75.4725,104.41,100.63,3.78,0.0697854810683362,0,0,0,26,0,1,787,0.7228474284072407,121,0.037037037037037,605,484,-182
605,267,Community Health Workers,21-1094.00,46.3275,104.37,82.60000000000001,21.77,0.3301544118275492,5,3,12,6,1,1,450,0.4438775510204081,558,0.0357142857142857,606,48,156
606,530,"First-Line Supervisors of Landscaping, Lawn Service, and Groundskeeping Workers",37-1012.00,65.8275,108.04,91.65,16.39,0.2573785011954792,3,1,3,18,2,1,557,0.6092882265827471,329,0.0357142857142857,607,278,50
607,35,Food Service Managers,11-9051.00,72.1775,116.87,103.48,13.39,0.2028901226303854,2,2,7,10,6,1,626,0.617587918199709,317,0.0357142857142857,608,291,-18
608,595,"Bookkeeping, Accounting, and Auditing Clerks",43-3031.00,100.685,120.24,115.63,4.61,0.0737400642272785,0,0,2,10,15,1,784,0.8373669328010644,15,0.0357142857142857,609,594,-175
609,590,First-Line Supervisors of Office and Administrative Support Workers,43-1011.00,77.58500000000001,105.74,103.36,2.38,0.0440028535685115,0,0,4,19,4,1,811,0.7337336864006053,101,0.0357142857142857,610,509,-201
610,743,Home Appliance Repairers,49-9031.00,35.455,118.01,61.2,56.81,0.4993080711736011,13,6,2,4,3,1,26,0.3004406406236759,756,0.0344827586206896,611,-145,585
611,648,Fishing and Hunting Workers,45-3031.00,33.17,121.81,54.6,67.21,0.4946416103529851,15,4,0,9,0,1,76,0.272309334209014,784,0.0344827586206896,612,-172,536
612,88,Accountants and Auditors,13-2011.00,92.06,107.69,103.19,4.5,0.0800809779235063,0,0,2,7,19,1,776,0.85486117559662,10,0.0344827586206896,613,603,-163
613,294,"Psychology Teachers, Postsecondary",25-1066.00,73.135,106.02,102.27,3.75,0.0682391988698036,0,2,7,13,6,1,791,0.6898226749669875,185,0.0344827586206896,614,429,-177
614,489,First-Line Supervisors of Firefighting and Prevention Workers,33-1021.00,60.31,107.99,86.96,21.03,0.3136329746109279,4,2,3,19,1,1,474,0.5584776368182239,404,0.0333333333333333,615,211,141
615,496,Detectives and Criminal Investigators,33-3021.00,76.1175,130.8,108.52,22.28,0.2826438103788495,4,1,4,19,1,1,520,0.5819380733944954,370,0.0333333333333333,616,246,96
616,567,Residential Advisors,39-9041.00,63.895,114.78,100.19,14.59,0.221910178797315,3,1,13,9,3,1,607,0.5566736365220422,407,0.0333333333333333,617,210,10
617,206,Conservation Scientists,19-1031.00,75.41,116.03,104.35,11.68,0.1810609135765968,2,0,5,20,2,1,644,0.6499181246229423,261,0.0333333333333333,618,357,-26
618,405,Clinical Nurse Specialists,29-1141.04,76.8125,121.84,109.63,12.21,0.1803413403108993,2,1,4,21,1,1,646,0.6304374589625739,299,0.0333333333333333,619,320,-27
619,364,"News Analysts, Reporters, and Journalists",27-3023.00,84.3675,122.65,115.35,7.3,0.1119529004227706,1,1,3,21,3,1,726,0.6878719934773747,188,0.0333333333333333,620,432,-106
620,602,"Court, Municipal, and License Clerks",43-4031.00,85.0525,120.96,116.42,4.54,0.0722486750615882,0,0,4,23,2,1,785,0.703145667989418,160,0.0333333333333333,621,461,-164
621,351,Producers and Directors,27-2012.00,79.1625,106.77,102.92,3.85,0.069517159326081,0,0,4,19,6,1,788,0.7414301770160157,89,0.0333333333333333,622,533,-166
622,96,Financial Risk Specialists,13-2054.00,23.25,30.0,29.0,1.0,0.0644444444444445,0,0,1,21,7,1,798,0.775,51,0.0333333333333333,623,572,-175
623,326,Self-Enrichment Teachers,25-3021.00,72.815,112.79,109.3,3.49,0.0599700472836557,0,1,15,5,8,1,804,0.6455802819398883,264,0.0333333333333333,624,360,-180
624,4,Advertising and Promotions Managers,11-2011.00,67.205,86.53,84.53,2.0,0.0451582863245036,1,0,4,16,8,1,810,0.776667051889518,48,0.0333333333333333,625,577,-185
625,335,Instructional Coordinators,25-9031.00,45.35,67.0,66.0,1.0,0.029405212742259,0,1,8,16,4,1,813,0.676865671641791,203,0.0333333333333333,626,423,-187
626,99,Loan Officers,13-2072.00,59.885,80.8,79.8,1.0,0.024446132732085,0,0,3,23,3,1,814,0.7411509900990099,90,0.0333333333333333,627,537,-187
627,333,Library Technicians,25-4031.00,66.045,113.78,100.04,13.74,0.2123530742007631,3,5,8,5,9,1,617,0.5804622956582879,374,0.032258064516129,628,254,11
628,316,"Career/Technical Education Teachers, Middle School",25-2023.00,62.2125,126.08,114.57,11.51,0.1659143049735563,2,3,18,6,1,1,665,0.4934367068527919,487,0.032258064516129,629,142,-36
629,317,"Secondary School Teachers, Except Special and Career/Technical Education",25-2031.00,54.6,117.88,107.57,10.31,0.1596245093012409,2,3,22,4,0,1,678,0.4631828978622328,535,0.03125,630,95,-48
630,318,"Career/Technical Education Teachers, Secondary School",25-2032.00,67.78999999999999,129.18,117.72,11.46,0.1616867033739635,2,3,17,8,2,1,674,0.5247716364762346,451,0.0303030303030303,631,180,-43
631,580,"Sales Representatives, Wholesale and Manufacturing, Technical and Scientific Products",41-4011.00,87.465,124.04,119.84,4.2,0.065427084978777,0,1,10,11,10,1,796,0.7051354401805869,158,0.0303030303030303,632,474,-164
632,315,"Middle School Teachers, Except Special and Career/Technical Education",25-2022.00,63.65,133.06,118.27,14.79,0.1975958086691577,3,3,20,8,0,1,633,0.478355629039531,510,0.0285714285714285,633,123,0
633,257,"Educational, Guidance, and Career Counselors and Advisors",21-1012.00,73.1325,133.59,125.36,8.23,0.1156221163996562,1,4,17,9,3,1,719,0.5474399281383336,424,0.0285714285714285,634,210,-85
634,319,"Special Education Teachers, Preschool",25-2051.00,66.0525,152.8,135.74,17.060000000000002,0.1983673350511225,3,6,22,4,0,1,631,0.4322807591623036,577,0.0277777777777777,635,58,4
635,313,"Kindergarten Teachers, Except Special Education",25-2012.00,62.6475,154.42,116.35,38.07,0.3715114162833426,8,4,17,6,1,1,395,0.4056955057635021,623,0.027027027027027,636,13,241
636,325,"Adult Basic Education, Adult Secondary Education, and English as a Second Language Instructors",25-3011.00,77.11,136.06,128.5,7.56,0.104952789394844,1,3,18,11,3,1,733,0.5667352638541819,388,0.027027027027027,637,249,-96
637,314,"Elementary School Teachers, Except Special Education",25-2021.00,79.46,157.15,145.04,12.11,0.142243738870343,2,3,23,8,1,1,692,0.505631562201718,469,0.0263157894736842,638,169,-54
638,322,"Special Education Teachers, Middle School",25-2057.00,74.9975,159.75,144.95,14.8,0.1681234127071593,3,4,26,6,0,1,663,0.4694679186228482,520,0.025,639,119,-24
639,323,"Special Education Teachers, Secondary School",25-2058.00,77.8,156.82,145.91,10.91,0.129460388113904,2,1,31,4,1,1,709,0.4961101900267823,480,0.025,640,160,-69
640,550,Crematory Operators,39-4012.00,4.0,12.0,6.0,6.0,0.5,6,1,0,5,0,0,2,0.3333333333333333,712,0.0,641,-71,639
641,865,"Stone Cutters and Carvers, Manufacturing",51-9195.03,15.7875,63.06,31.29,31.77,0.4999710302634164,8,2,4,2,0,0,6,0.2503568030447193,807,0.0,642,-165,636
642,894,Sailors and Marine Oilers,53-5011.00,33.5525,105.34,53.39,51.95,0.4999065652645053,14,3,2,8,1,0,9,0.3185162331498006,728,0.0,643,-85,634
643,673,"Insulation Workers, Floor, Ceiling, and Wall",47-2131.00,6.655,37.54,19.13,18.41,0.4998160725877479,5,3,2,0,0,0,10,0.1772775705913692,866,0.0,644,-222,634
644,670,Tapers,47-2082.00,10.6025,64.27,31.51,32.76,0.4998108643350998,8,6,1,1,0,0,12,0.1649681033141434,873,0.0,645,-228,633
645,553,Barbers,39-5011.00,19.825,70.71,36.08,34.63,0.4997897459673276,9,4,2,0,3,0,14,0.2803705275067176,775,0.0,646,-129,632
646,772,Timing Device Assemblers and Adjusters,51-2061.00,15.78,70.28999999999999,37.31,32.98,0.4981026008118997,8,5,3,0,1,0,41,0.224498506188647,833,0.0,647,-186,606
647,551,Funeral Attendants,39-4021.00,25.055,101.08,53.99,47.09,0.4976700976505579,11,7,2,3,1,0,49,0.2478729719034428,811,0.0,648,-163,599
648,350,Actors,27-2011.00,23.525,70.75,32.79,37.96,0.4973300802856821,10,1,2,1,4,0,50,0.3325088339222614,714,0.0,649,-65,599
649,794,Foundry Mold and Coremakers,51-4071.00,19.14,58.38,31.48,26.9,0.4969226791522296,6,2,0,5,0,0,53,0.3278520041109969,720,0.0,650,-70,597
650,697,Highway Maintenance Workers,47-4051.00,23.815,74.03,34.07,39.96,0.496834917059319,10,0,2,7,0,0,54,0.3216939078751857,727,0.0,651,-76,597
651,686,"Helpers--Brickmasons, Blockmasons, Stonemasons, and Tile and Marble Setters",47-3011.00,10.0975,59.75,32.26,27.49,0.4968133751159819,7,6,2,0,0,0,55,0.1689958158995816,870,0.0,652,-218,597
652,775,Butchers and Meat Cutters,51-3021.00,17.939999999999998,47.27,25.58,21.69,0.4966139138578397,5,1,0,4,1,0,57,0.3795218954939708,659,0.0,653,-6,596
653,821,Cabinetmakers and Bench Carpenters,51-7011.00,20.92,82.72,37.75,44.97,0.4961908914601798,11,1,5,3,0,0,59,0.2529013539651837,804,0.0,654,-150,595
654,822,Furniture Finishers,51-7021.00,21.9275,88.28,40.24,48.04,0.4960966763699717,12,3,3,3,1,0,61,0.2483858178522882,809,0.0,655,-154,594
655,563,Childcare Workers,39-9011.00,22.57,99.45,45.23,54.22,0.4959141745158958,13,3,5,3,0,0,62,0.2269482151835093,829,0.0,656,-173,594
656,708,Continuous Mining Machine Operators,47-5041.00,20.405,65.4,29.64,35.76,0.4956215806750275,8,1,0,6,0,0,65,0.3120030581039755,736,0.0,657,-79,592
657,355,Athletes and Sports Competitors,27-2021.00,8.72,35.38,19.44,15.94,0.4951068285186656,4,2,2,1,0,0,70,0.2464669304691916,812,0.0,658,-154,588
658,589,"Door-to-Door Sales Workers, News and Street Vendors, and Related Workers",41-9091.00,9.625,47.95,20.76,27.19,0.4910088606810405,7,2,2,1,0,0,93,0.2007299270072992,850,0.0,659,-191,566
659,709,"Roof Bolters, Mining",47-5043.00,22.7725,67.03,38.28,28.75,0.4898931140071038,6,2,1,5,0,0,103,0.339735939131732,704,0.0,660,-44,557
660,554,"Hairdressers, Hairstylists, and Cosmetologists",39-5012.00,20.5325,91.02,38.86,52.16,0.4893242197935349,13,3,4,0,2,0,108,0.2255822896066798,831,0.0,661,-170,553
661,731,Farm Equipment Mechanics and Service Technicians,49-3041.00,16.657500000000002,58.12,33.39,24.73,0.4888991923585016,6,3,2,3,0,0,112,0.2866052993805919,767,0.0,662,-105,550
662,647,"Farmworkers, Farm, Ranch, and Aquacultural Animals",45-2093.00,21.5025,77.38,32.879999999999995,44.5,0.488724785577495,11,1,2,4,1,0,115,0.2778818816231584,778,0.0,663,-115,548
663,733,Rail Car Repairers,49-3043.00,23.9225,72.52,42.01,30.51,0.4874266763696281,9,1,6,4,0,0,122,0.3298745173745174,718,0.0,664,-54,542
664,739,Tire Repairers and Changers,49-3093.00,25.22,100.09,41.91,58.18,0.4867881470369344,14,3,2,3,2,0,127,0.2519732240983115,806,0.0,665,-141,538
665,499,Fish and Game Wardens,33-3031.00,40.43,91.84,53.81,38.03,0.4852388480116912,10,0,1,12,1,0,131,0.44022212543554,566,0.0,666,100,535
666,776,"Meat, Poultry, and Fish Cutters and Trimmers",51-3022.00,22.3275,50.76,29.77,20.99,0.4850405437041755,5,0,0,7,0,0,133,0.4398640661938534,567,0.0,667,100,534
667,737,Bicycle Repairers,49-3091.00,18.0975,59.81,35.08,24.73,0.4850271973940999,6,4,1,2,1,0,134,0.3025831800702223,752,0.0,668,-84,534
668,564,Nannies,39-9011.01,16.619999999999997,83.21,33.57,49.64,0.4813512076228784,11,2,4,2,0,0,143,0.1997356087008772,851,0.0,669,-182,526
669,555,"Makeup Artists, Theatrical and Performance",39-5091.00,28.96,94.38,56.47,37.91,0.480664028285828,9,4,5,3,1,0,146,0.3068446704810341,744,0.0,670,-74,524
670,728,Automotive Glass Installers and Repairers,49-3022.00,14.61,76.22,30.31,45.91,0.4790549543054428,11,3,2,2,0,0,151,0.1916819732353712,859,0.0,671,-188,520
671,738,Recreational Vehicle Service Technicians,49-3092.00,22.905,69.11,41.66,27.45,0.4788613925306733,7,1,6,3,0,0,152,0.3314281580089712,715,0.0,672,-43,520
672,689,"Helpers--Painters, Paperhangers, Plasterers, and Stucco Masons",47-3014.00,8.629999999999999,38.83,23.49,15.34,0.4779732490834636,4,5,1,1,0,0,159,0.2222508369817151,835,0.0,673,-162,514
673,448,Paramedics,29-2043.00,3.0,13.0,5.0,8.0,0.4733727810650887,8,2,0,2,1,0,173,0.2307692307692307,826,0.0,674,-152,501
674,504,Animal Control Workers,33-9011.00,26.06,70.09,43.43,26.66,0.4713764161240543,6,2,2,6,0,0,181,0.3718076758453417,667,0.0,675,8,494
675,502,Customs and Border Protection Officers,33-3051.04,21.7725,46.58,29.03,17.55,0.46962929928814,4,0,0,7,0,0,186,0.4674216401889223,526,0.0,676,150,490
676,848,Jewelers and Precious Stone and Metal Workers,51-9071.00,51.91,115.14,71.8,43.34,0.4694516789930825,11,1,3,12,3,0,187,0.4508424526663192,548,0.0,677,129,490
677,713,Helpers--Extraction Workers,47-5081.00,9.1025,53.91,20.29,33.62,0.4694302674259997,9,3,0,2,0,0,188,0.1688462251901316,871,0.0,678,-193,490
678,658,Carpenters,47-2031.00,15.485,110.42,41.28,69.14,0.4681699923569886,19,7,1,2,0,0,193,0.1402372758558232,883,0.0,679,-204,486
679,672,Glaziers,47-2121.00,10.845,104.7,39.01,65.69,0.4675325416959722,17,9,1,0,0,0,198,0.1035816618911174,901,0.0,680,-221,482
680,687,Helpers--Carpenters,47-3012.00,21.7175,65.82,41.47,24.35,0.4661731335268759,7,3,4,4,0,0,202,0.32995290185354,717,0.0,681,-36,479
681,914,Recycling and Reclamation Workers,53-7062.04,24.47,55.9,35.31,20.59,0.4653293480243599,5,0,2,7,0,0,205,0.4377459749552773,570,0.0,682,112,477
682,771,Fiberglass Laminators and Fabricators,51-2051.00,25.65,66.75,42.17,24.58,0.4652784468852137,6,3,1,5,1,0,206,0.3842696629213483,657,0.0,683,26,477
683,531,"Janitors and Cleaners, Except Maids and Housekeeping Cleaners",37-2011.00,22.380000000000003,77.63,49.25,28.38,0.4638626975840318,8,6,3,4,0,0,211,0.2882906093005282,765,0.0,684,-81,473
684,677,Pipelayers,47-2151.00,11.2875,57.59,20.61,36.98,0.4596007589802364,9,0,4,1,0,0,221,0.1959975690223997,855,0.0,685,-170,464
685,881,"Ambulance Drivers and Attendants, Except Emergency Medical Technicians",53-3011.00,15.4825,44.96,28.92,16.04,0.4589655019566623,4,3,1,2,1,0,222,0.3443616548042704,694,0.0,686,-8,464
686,885,"Bus Drivers, School",53-3051.00,34.185,76.0,48.89,27.11,0.4589362534626039,6,1,3,4,3,0,223,0.4498026315789474,551,0.0,687,136,464
687,533,Pest Control Workers,37-2021.00,19.035,50.65,32.7,17.95,0.457597140432034,5,2,1,5,0,0,227,0.3758144126357354,664,0.0,688,24,461
688,660,"Floor Layers, Except Carpet, Wood, and Hard Tiles",47-2042.00,6.8725,54.87,19.33,35.54,0.4563618718186355,9,3,2,0,0,0,233,0.1252505923090942,889,0.0,689,-200,456
689,468,Home Health Aides,31-1121.00,13.5725,59.3,20.75,38.55,0.4549493955620518,10,0,2,3,0,0,237,0.2288785834738617,828,0.0,690,-138,453
690,517,"Cooks, Private Household",35-2013.00,19.7,53.09,34.54,18.55,0.4546432966675289,5,2,4,0,2,0,238,0.3710679977396873,668,0.0,691,23,453
691,823,"Model Makers, Wood",51-7031.00,15.9425,55.33,36.11,19.22,0.453408363711231,5,3,5,1,0,0,241,0.2881348273992409,766,0.0,692,-74,451
692,752,Musical Instrument Repairers and Tuners,49-9063.00,18.905,94.9,32.79,62.11,0.4522728489086731,16,2,2,3,1,0,244,0.1992096944151739,852,0.0,693,-159,449
693,389,Podiatrists,29-1081.00,21.6775,46.54,30.49,16.05,0.4518660355472805,4,0,1,6,0,0,246,0.4657821229050279,531,0.0,694,163,448
694,584,Models,41-9012.00,17.575,36.15,23.73,12.42,0.4510583495463233,4,1,2,0,3,0,249,0.4861687413554633,500,0.0,695,195,446
695,521,Bartenders,35-3011.00,35.185,85.54,56.22,29.32,0.4505534412060661,7,3,1,8,1,0,251,0.4113280336684592,612,0.0,696,84,445
696,556,Manicurists and Pedicurists,39-5092.00,14.55,74.66,25.41,49.25,0.4490192130209858,12,3,0,1,2,0,255,0.1948834717385481,856,0.0,697,-159,442
697,711,"Rock Splitters, Quarry",47-5051.00,8.43,33.11,11.24,21.87,0.448463114221369,6,0,0,3,0,0,258,0.254605859257022,801,0.0,698,-103,440
698,674,"Insulation Workers, Mechanical",47-2132.00,4.2775,38.88,12.85,26.03,0.4425422900895867,6,2,1,0,0,0,278,0.1100180041152263,897,0.0,699,-198,421
699,474,Occupational Therapy Aides,31-2012.00,22.185,60.05,40.3,19.75,0.4414445081499528,5,2,5,2,1,0,283,0.3694421315570358,670,0.0,700,30,417
700,699,Septic Tank Servicers and Sewer Pipe Cleaners,47-4071.00,10.5575,79.88,26.21,53.67,0.4409125894650687,15,5,0,2,0,0,284,0.1321670005007511,885,0.0,701,-184,417
701,381,Oral and Maxillofacial Surgeons,29-1022.00,13.7475,56.3,18.33,37.97,0.4391534187885881,10,0,0,4,0,0,287,0.2441829484902309,815,0.0,702,-113,415
702,688,Helpers--Electricians,47-3013.00,15.2975,91.52,29.55,61.97,0.4372571846040758,17,2,3,3,0,0,292,0.167149256993007,872,0.0,703,-169,411
703,652,Log Graders and Scalers,45-4023.00,19.7175,51.31,35.010000000000005,16.3,0.4335165496955786,4,1,4,3,0,0,302,0.3842818164100565,656,0.0,704,48,402
704,727,Automotive Body and Related Repairers,49-3021.00,16.0325,101.53,31.65,69.88,0.4291092080588836,17,3,2,3,0,0,313,0.1579089924160346,877,0.0,705,-172,392
705,824,"Patternmakers, Wood",51-7032.00,28.78,82.02,56.73,25.29,0.426532451360285,6,5,5,2,2,0,319,0.3508900268227262,688,0.0,706,18,387
706,884,Light Truck Drivers,53-3033.00,20.0575,57.33,39.73,17.6,0.4254978255127765,4,3,3,3,0,0,320,0.3498604570033142,690,0.0,707,17,387
707,747,"Refractory Materials Repairers, Except Brickmasons",49-9045.00,4.395,37.46,11.16,26.3,0.4183255518824992,7,2,0,1,0,0,330,0.1173251468232781,892,0.0,708,-184,378
708,675,"Painters, Construction and Maintenance",47-2141.00,17.8275,63.49,44.83,18.66,0.4150493325432195,5,6,4,2,0,0,333,0.2807922507481493,774,0.0,709,-65,376
709,900,Automotive and Watercraft Service Attendants,53-6031.00,22.1,55.04,39.01,16.03,0.4128408065804152,4,4,2,1,3,0,338,0.4015261627906977,629,0.0,710,81,372
710,477,Massage Therapists,31-9011.00,9.8475,55.51,16.03,39.48,0.4107695170064672,10,1,1,1,1,0,339,0.1774004683840749,865,0.0,711,-154,372
711,656,Brickmasons and Blockmasons,47-2021.00,11.15,55.13,15.92,39.21,0.4107654585147078,10,1,1,0,2,0,340,0.2022492290948666,849,0.0,712,-137,372
712,808,"Pressers, Textile, Garment, and Related Materials",51-6021.00,42.8875,118.68,84.48,34.2,0.4102559908232213,8,7,5,8,0,0,341,0.361370913380519,679,0.0,713,34,372
713,519,"Cooks, Short Order",35-2015.00,17.325,47.79,34.09,13.7,0.4089813489222154,3,2,4,1,1,0,343,0.3625235404896422,677,0.0,714,37,371
714,710,"Loading and Moving Machine Operators, Underground Mining",47-5044.00,45.8875,100.78,72.14,28.64,0.4068463641859028,7,4,1,13,0,0,346,0.4553234768803334,543,0.0,715,172,369
715,740,Mechanical Door Repairers,49-9011.00,13.23,92.58,26.200000000000003,66.38,0.4058206874009137,18,3,2,1,1,0,347,0.1429034348671419,882,0.0,716,-166,369
716,469,Personal Care Aides,31-1122.00,16.3325,47.71,34.25,13.46,0.405057612230604,3,3,3,2,0,0,348,0.3423286522741563,700,0.0,717,17,369
717,669,Drywall and Ceiling Tile Installers,47-2081.00,8.43,92.72,25.89,66.83,0.4025192560231254,19,5,2,0,0,0,351,0.0909188955996548,909,0.0,718,-191,367
718,552,"Morticians, Undertakers, and Funeral Arrangers",39-4031.00,41.19,94.12,68.18,25.94,0.3992943153471736,6,4,3,7,2,0,357,0.4376328091797705,571,0.0,719,148,362
719,312,"Preschool Teachers, Except Special Education",25-2011.00,48.815,142.63,104.05,38.58,0.3946503925325961,9,6,16,3,0,0,364,0.3422491761901423,701,0.0,720,19,356
720,659,Carpet Installers,47-2041.00,6.1525,66.57,16.57,50.0,0.3739085486483565,12,2,2,0,0,0,391,0.0924215111912272,906,0.0,721,-185,330
721,700,Segmental Pavers,47-4091.00,4.895,47.64,11.37,36.27,0.3634080223845086,9,1,2,0,0,0,402,0.1027497900923593,902,0.0,722,-180,320
722,735,Motorcycle Mechanics,49-3052.00,6.637499999999999,56.79,13.38,43.41,0.3601904198999344,10,1,1,1,0,0,405,0.116877971473851,893,0.0,723,-170,318
723,854,"Painting, Coating, and Decorating Workers",51-9123.00,11.555,37.94,29.2,8.739999999999998,0.3545925661832112,2,4,2,1,0,0,416,0.3045598313125988,747,0.0,724,-23,308
724,749,Telecommunications Line Installers and Repairers,49-9052.00,6.2250000000000005,73.10000000000001,16.5,56.6,0.3495389820739164,15,3,0,1,0,0,421,0.08515731874145,911,0.0,725,-186,304
725,491,Firefighters,33-2011.00,14.8525,120.66,26.99,93.67,0.347301579530165,23,3,0,3,1,0,424,0.1230938173379744,890,0.0,726,-164,302
726,430,Pediatric Surgeons,29-1243.00,10.0,18.0,14.0,4.0,0.345679012345679,4,0,2,12,0,0,425,0.5555555555555556,408,0.0,727,319,302
727,760,Riggers,49-9096.00,7.507499999999999,58.06,12.33,45.73,0.3345339593699556,11,1,0,2,0,0,440,0.1293058904581467,887,0.0,728,-159,288
728,566,Recreation Workers,39-9032.00,46.3425,94.75,74.63,20.12,0.3345129816695791,5,0,12,5,2,0,441,0.4891029023746702,497,0.0,729,232,288
729,535,"Pesticide Handlers, Sprayers, and Applicators, Vegetation",37-3012.00,17.3425,40.29,32.07,8.22,0.3247926841641584,2,3,1,4,0,0,456,0.4304417969719534,583,0.0,730,147,274
730,690,"Helpers--Pipelayers, Plumbers, Pipefitters, and Steamfitters",47-3015.00,5.8125,56.08,11.42,44.66,0.3243387274344169,12,1,1,1,0,0,459,0.1036465763195435,900,0.0,731,-169,272
731,331,Museum Technicians and Conservators,25-4013.00,44.6675,91.29,72.78,18.51,0.3232972805496072,5,1,10,6,2,0,461,0.4892923649906889,494,0.0,732,238,271
732,492,Fire Inspectors and Investigators,33-2021.00,69.2275,129.97,103.77,26.2,0.3218969530489068,6,2,5,16,1,0,462,0.5326421481880435,443,0.0,733,290,271
733,429,"Orthopedic Surgeons, Except Pediatric",29-1242.00,8.25,15.0,12.0,3.0,0.3199999999999998,3,1,1,10,0,0,465,0.55,419,0.0,734,315,269
734,345,Floral Designers,27-1023.00,25.545,62.24,50.21,12.03,0.3118506663814011,3,5,4,1,2,0,477,0.4104273778920309,614,0.0,735,121,258
735,549,Embalmers,39-4011.00,12.1175,113.8,21.83,91.97,0.3100597508656078,21,2,0,3,0,0,481,0.1064806678383128,898,0.0,736,-162,255
736,867,"Potters, Manufacturing",51-9195.05,45.1725,96.29,78.36,17.93,0.3030695744297464,4,6,3,8,2,0,495,0.4691297123273444,521,0.0,737,216,242
737,882,Driver/Sales Workers,53-3031.00,21.0625,42.69,34.75,7.94,0.3027979965936802,2,2,2,4,1,0,496,0.4933825251815413,488,0.0,738,250,242
738,358,Dancers,27-2031.00,3.315,55.92,10.37,45.55,0.3021084049152582,11,2,1,0,0,0,498,0.0592811158798283,916,0.0,739,-177,241
739,626,"Shipping, Receiving, and Inventory Clerks",43-5071.00,26.13,43.11,35.18,7.93,0.3002223170312861,2,1,2,2,4,0,501,0.6061238691718859,335,0.0,740,405,239
740,785,"Drilling and Boring Machine Tool Setters, Operators, and Tenders, Metal and Plastic",51-4032.00,31.19,71.45,58.510000000000005,12.94,0.2966128104185959,3,3,6,5,0,0,504,0.4365290412876137,572,0.0,741,169,237
741,766,"Coil Winders, Tapers, and Finishers",51-2021.00,20.4325,46.11,37.99,8.120000000000001,0.290178394841976,2,4,1,3,1,0,511,0.4431251355454348,562,0.0,742,180,231
742,664,Terrazzo Workers and Finishers,47-2053.00,9.67,98.57,17.09,81.48,0.2866378684602415,22,1,1,2,0,0,514,0.0981028710561022,904,0.0,743,-161,229
743,324,Adapted Physical Education Specialists,25-2059.01,38.3875,84.49,70.23,14.26,0.280583138888191,3,3,9,4,1,0,526,0.4543437093147118,544,0.0,744,200,218
744,761,Signal and Track Switch Repairers,49-9097.00,4.785,47.44,7.859999999999999,39.58,0.2764642441752998,10,1,0,0,1,0,533,0.1008642495784148,903,0.0,745,-158,212
745,638,"Office Machine Operators, Except Computer",43-9071.00,31.765,71.88,60.13,11.75,0.2734909307511528,3,7,4,0,4,0,536,0.4419170840289371,563,0.0,746,183,210
746,209,Foresters,19-1032.00,45.87,82.24,69.01,13.23,0.2699825307252946,4,1,7,12,1,0,540,0.5577577821011673,406,0.0,747,341,207
747,66,Coroners,13-1041.06,55.44,91.85,77.1,14.75,0.269598873219069,3,0,2,15,0,0,542,0.6035928143712574,340,0.0,748,408,206
748,681,Reinforcing Iron and Rebar Workers,47-2171.00,2.18,28.16,4.36,23.8,0.2617147146177685,6,0,1,0,0,0,551,0.0774147727272727,912,0.0,749,-163,198
749,782,"Forging Machine Setters, Operators, and Tenders, Metal and Plastic",51-4022.00,25.34,54.23,46.09,8.14,0.255141967257631,2,4,1,6,0,0,561,0.4672690392771529,527,0.0,750,223,189
750,661,Floor Sanders and Finishers,47-2043.00,1.145,30.63,4.58,26.05,0.2543368028608919,6,1,0,0,0,0,562,0.0373816519751877,919,0.0,751,-168,189
751,427,Sports Medicine Physicians,29-1229.06,63.575,104.06,88.65,15.41,0.2523153842150158,4,1,1,21,0,0,564,0.6109456083029022,327,0.0,752,425,188
752,565,Exercise Trainers and Group Fitness Instructors,39-9031.00,33.7975,78.5,67.11,11.39,0.2480856505334903,3,5,6,6,0,0,577,0.4305414012738853,582,0.0,753,171,176
753,759,Manufactured Building and Mobile Home Installers,49-9095.00,4.6850000000000005,52.89,7.5,45.39,0.2433908838290324,12,0,1,1,0,0,581,0.0885800718472301,910,0.0,754,-156,173
754,208,Park Naturalists,19-1031.03,39.2725,72.24,62.15,10.09,0.2403293546551486,3,3,6,3,5,0,585,0.543639258028793,430,0.0,755,325,170
755,536,Tree Trimmers and Pruners,37-3013.00,7.0825000000000005,91.52,12.12,79.4,0.2297846930167731,21,1,1,0,1,0,594,0.0773874562937063,913,0.0,756,-157,162
756,572,Counter and Rental Clerks,41-2021.00,38.015,66.81,58.89,7.92,0.2089843612165591,2,2,6,2,4,0,622,0.5690016464601108,385,0.0,757,372,135
757,657,Stonemasons,47-2022.00,1.805,62.86,7.220000000000001,55.64,0.2033319198185867,14,2,0,0,0,0,625,0.0287146038816417,921,0.0,758,-163,133
758,410,Anesthesiologists,29-1211.00,51.6825,77.74,68.91,8.83,0.2013649490570674,2,0,0,16,0,0,627,0.6648121944944687,227,0.0,759,532,132
759,515,"Cooks, Fast Food",35-2011.00,42.925,86.27,76.68,9.59,0.1976109977585659,2,5,5,5,2,0,632,0.4975657818476874,476,0.0,760,284,128
760,234,Anthropologists and Archeologists,19-3091.00,67.01,111.17,100.11,11.06,0.1791791090130343,3,2,8,13,4,0,648,0.6027705316182423,341,0.0,761,420,113
761,297,"Nursing Instructors and Teachers, Postsecondary",25-1072.00,75.74,117.63,106.01,11.62,0.1780519622255028,3,0,9,12,5,0,649,0.6438833630876477,270,0.0,762,492,113
762,271,Judicial Law Clerks,23-1012.00,42.68,65.03,58.83,6.2,0.1725015594477514,2,0,2,14,0,0,655,0.6563124711671536,246,0.0,763,517,108
763,812,"Sewers, Hand",51-6051.00,1.1,49.41,4.4,45.01,0.1622415091072018,10,1,0,0,0,0,673,0.0222626998583282,922,0.0,764,-158,91
764,503,Transit and Railroad Police,33-3052.00,32.43,47.41,43.24,4.17,0.1604396941044081,1,0,0,11,0,0,677,0.6840329044505378,196,0.0,765,569,88
765,621,"Meter Readers, Utilities",43-5041.00,34.5175,48.7,44.49,4.21,0.1579488887670816,1,1,1,5,4,0,679,0.7087782340862422,147,0.0,766,619,87
766,682,Roofers,47-2181.00,3.2325,104.53,8.76,95.77,0.1535612676126396,25,1,1,0,0,0,686,0.030924136611499,920,0.0,767,-153,81
767,48,Fitness and Wellness Coordinators,11-9179.01,56.54,91.83,84.34,7.49,0.1498222246366185,2,2,8,7,5,0,687,0.6157029293259283,323,0.0,768,445,81
768,183,Civil Engineering Technologists and Technicians,17-3022.00,36.7725,54.26,50.13,4.13,0.1406430166748431,1,0,3,8,2,0,694,0.6777091780316993,200,0.0,769,569,75
769,89,Appraisers of Personal and Business Property,13-2022.00,40.93,60.42,55.9,4.52,0.138426359190839,1,0,3,8,2,0,695,0.6774246938099967,201,0.0,770,569,75
770,44,"Property, Real Estate, and Community Association Managers",11-9141.00,70.5525,107.25,99.34,7.91,0.1366268429317378,2,0,5,19,1,0,702,0.6578321678321678,243,0.0,771,528,69
771,289,"Anthropology and Archeology Teachers, Postsecondary",25-1061.00,71.3275,103.7,96.11,7.59,0.1356696910548844,2,1,8,7,9,0,703,0.6878254580520733,189,0.0,772,583,69
772,514,First-Line Supervisors of Food Preparation and Serving Workers,35-1012.00,73.535,104.28,96.66,7.62,0.1354658145746405,2,0,2,19,3,0,704,0.7051687763713079,157,0.0,773,616,69
773,680,Plasterers and Stucco Masons,47-2161.00,1.0175,59.22,4.07,55.15,0.1280068219967765,14,1,0,0,0,0,711,0.0171816953731847,923,0.0,774,-149,63
774,303,"Art, Drama, and Music Teachers, Postsecondary",25-1121.00,70.4175,108.6,101.3,7.3,0.1254014766880673,2,0,10,11,5,0,713,0.6484116022099449,262,0.0,775,513,62
775,537,First-Line Supervisors of Gambling Services Workers,39-1013.00,80.7325,121.28,113.22,8.059999999999999,0.1240822932693312,2,1,2,25,0,0,714,0.6656703496042217,225,0.0,776,551,62
776,156,Environmental Engineers,17-2081.00,77.3225,108.9,101.83,7.07,0.121414175143201,2,0,3,20,4,0,716,0.7100321395775941,144,0.0,777,633,61
777,30,"Education and Childcare Administrators, Preschool and Daycare",11-9031.00,48.6,66.78,62.53,4.25,0.1191830581632069,1,0,1,12,3,0,717,0.7277628032345014,112,0.0,778,666,61
778,69,Cost Estimators,13-1051.00,43.7275,54.17,50.84,3.33,0.1153883863178462,1,0,2,3,8,0,720,0.8072272475539967,28,0.0,779,751,59
779,596,Gambling Cage Workers,43-3041.00,47.6525,78.81,73.99,4.82,0.1148384722428913,1,2,3,11,0,0,722,0.6046504250729603,337,0.0,780,443,58
780,266,Social and Human Service Assistants,21-1093.00,31.6225,66.35,62.39,3.96,0.1122427536828569,1,5,8,4,1,0,725,0.4766013564431047,513,0.0,781,268,56
781,547,Costume Attendants,39-3092.00,34.6025,74.6,70.4,4.2,0.1062610958175502,1,8,7,2,3,0,732,0.4638404825737265,532,0.0,782,250,50
782,6,Sales Managers,11-2022.00,45.715,63.4,59.9,3.5,0.1043149001383236,1,0,2,11,3,0,735,0.721056782334385,124,0.0,783,659,48
783,141,Landscape Architects,17-1012.00,48.0875,75.31,71.26,4.05,0.101771351454311,1,0,7,9,2,0,738,0.6385274199973443,278,0.0,784,506,46
784,488,First-Line Supervisors of Police and Detectives,33-1012.00,51.005,77.28,73.14,4.14,0.1014030612244898,1,1,2,16,0,0,739,0.6600025879917184,238,0.0,785,547,46
785,269,"Directors, Religious Activities and Education",21-2021.00,43.785,69.29,65.67,3.62,0.0990294711585195,1,1,6,9,2,0,746,0.6319093664309423,295,0.0,786,491,40
786,359,Choreographers,27-2032.00,39.1775,70.03,66.42,3.61,0.0977840039138688,1,0,12,4,1,0,748,0.559438811937741,398,0.0,787,389,39
787,236,Historians,19-3093.00,59.0825,75.34,71.46,3.88,0.0976952618794446,1,1,4,3,12,0,749,0.7842115741969736,44,0.0,788,744,39
788,47,Funeral Home Managers,11-9171.00,64.685,91.51,86.93,4.58,0.0950885100800504,1,0,4,14,4,0,753,0.7068626379630641,150,0.0,789,639,36
789,311,"Career/Technical Education Teachers, Postsecondary",25-1194.00,57.275,81.03,77.03,4.0,0.0938551713759272,1,0,6,7,6,0,758,0.7068369739602616,151,0.0,790,639,32
790,207,Range Managers,19-1031.02,38.23,58.71,55.83,2.88,0.0932966286660388,1,0,4,11,0,0,759,0.6511667518310338,257,0.0,791,534,32
791,369,"Poets, Lyricists and Creative Writers",27-3043.05,58.37,63.95,60.95,3.0,0.0894218936926023,1,0,1,1,13,0,765,0.9127443315089914,3,0.0,792,789,27
792,513,Chefs and Head Cooks,35-1011.00,51.6775,83.69,79.86,3.83,0.087339547948783,1,0,10,8,2,0,767,0.6174871549766998,318,0.0,793,475,26
793,55,Brownfield Redevelopment Specialists and Site Managers,11-9199.11,60.8175,83.28,79.52,3.76,0.0862209450936208,1,0,1,19,2,0,769,0.7302773775216138,106,0.0,794,688,25
794,252,Quality Control Analysts,19-4099.01,70.5575,100.08,95.79,4.29,0.0820564771204619,1,0,3,20,2,0,774,0.7050109912070345,159,0.0,795,636,21
795,90,Appraisers and Assessors of Real Estate,13-2023.00,69.51,110.33,105.9,4.43,0.0770801312762845,1,1,11,12,3,0,780,0.630019033807668,302,0.0,796,494,16
796,304,"Communications Teachers, Postsecondary",25-1122.00,57.04,85.79,82.45,3.34,0.074833108672955,1,0,9,7,5,0,783,0.6648793565683645,226,0.0,797,571,14
797,308,"Philosophy and Religion Teachers, Postsecondary",25-1126.00,59.9975,86.38,83.24,3.14,0.0700592229095249,1,2,6,6,7,0,786,0.6945762908080575,173,0.0,798,625,12
798,302,"Social Work Teachers, Postsecondary",25-1113.00,61.392500000000005,94.08,90.69,3.39,0.0694695488208039,1,0,10,10,3,0,789,0.6525563350340137,255,0.0,799,544,10
799,296,"Health Specialties Teachers, Postsecondary",25-1071.00,63.5975,85.33,82.29,3.04,0.0687143037470052,1,0,6,7,8,0,790,0.7453123168873784,85,0.0,800,715,10
800,299,"Library Science Teachers, Postsecondary",25-1082.00,67.7425,98.82,95.37,3.45,0.0673862322214517,1,0,10,8,6,0,792,0.6855140659785469,194,0.0,801,607,9
801,79,Fundraisers,13-1131.00,77.0,106.09,102.41,3.68,0.0669686095127057,1,0,4,20,3,0,793,0.7257988500329908,117,0.0,802,685,9
802,301,"Law Teachers, Postsecondary",25-1112.00,60.64,86.65,83.66,2.99,0.0666318559419358,1,0,8,9,5,0,794,0.6998268897864973,164,0.0,803,639,9
803,306,"Foreign Language and Literature Teachers, Postsecondary",25-1124.00,64.09,93.0,89.83,3.17,0.0658483292866227,1,1,8,7,7,0,795,0.6891397849462366,186,0.0,804,618,9
804,291,"Economics Teachers, Postsecondary",25-1063.00,57.5075,80.81,78.11,2.7,0.0645907286852043,1,2,6,5,8,0,797,0.7116384110877366,139,0.0,805,666,8
805,3,Legislators,11-1031.00,20.25,30.0,29.0,1.0,0.0644444444444445,1,1,4,24,0,0,799,0.675,209,0.0,806,597,7
806,279,"Mathematical Science Teachers, Postsecondary",25-1022.00,58.735,84.51,81.78,2.73,0.0625206587772979,1,1,7,8,6,0,800,0.6950065081055495,172,0.0,807,635,7
807,283,"Biological Science Teachers, Postsecondary",25-1042.00,65.88250000000001,100.38,97.22,3.16,0.0609787211862506,1,1,9,12,4,0,801,0.6563309424188086,245,0.0,808,563,7
808,307,"History Teachers, Postsecondary",25-1125.00,67.32000000000001,94.59,91.62,2.97,0.0608255831743769,1,0,7,12,5,0,802,0.7117031398667936,138,0.0,809,671,7
809,287,"Environmental Science Teachers, Postsecondary",25-1053.00,61.5725,92.4,89.5,2.9,0.0608004909952961,1,1,9,8,6,0,803,0.6663690476190476,222,0.0,810,588,7
810,284,"Forestry and Conservation Science Teachers, Postsecondary",25-1043.00,68.6875,95.52,92.63,2.89,0.0586801040027047,1,1,6,10,7,0,806,0.719090242881072,125,0.0,811,686,5
811,274,"Judges, Magistrate Judges, and Magistrates",23-1023.00,65.715,90.01,87.62,2.39,0.0516951288393303,1,0,0,20,0,0,807,0.7300855460504388,109,0.0,812,703,5
812,305,"English Language and Literature Teachers, Postsecondary",25-1123.00,80.995,121.53,118.35,3.18,0.0509633985982598,1,4,7,14,7,0,808,0.6664609561425163,221,0.0,813,592,5
813,586,Real Estate Sales Agents,41-9022.00,82.11,127.45,124.29,3.16,0.0483585852250768,1,0,13,17,2,0,809,0.644252648097293,267,0.0,814,547,5
814,903,Transportation Inspectors,53-6051.00,38.5275,60.32,59.32,1.0,0.0326068219715891,1,1,5,9,1,0,812,0.6387185013262598,277,0.0,815,538,3
815,157,"Health and Safety Engineers, Except Mining Safety Engineers and Inspectors",17-2111.00,71.1075,98.17,97.17,1.0,0.0201652967031211,1,0,2,24,0,0,816,0.7243302434552308,119,0.0,816,697,0
816,132,Mathematicians,15-2021.00,44.9675,45.66,45.66,0.0,0.0,0,0,0,1,11,0,817,0.984833552343408,1,0.0,817,816,0
817,644,"Graders and Sorters, Agricultural Products",45-2041.00,21.0625,22.17,22.17,0.0,0.0,0,0,0,1,4,0,818,0.950045105999098,2,0.0,818,816,0
818,368,Writers and Authors,27-3043.00,39.47,43.82,43.82,0.0,0.0,0,0,1,6,13,0,819,0.9007302601551802,4,0.0,819,815,0
819,640,Statistical Assistants,43-9111.00,51.24,58.59,58.59,0.0,0.0,0,0,3,1,10,0,820,0.8745519713261649,5,0.0,820,815,0
820,76,Project Management Specialists,13-1082.00,17.25,20.0,20.0,0.0,0.0,0,0,2,7,11,0,821,0.8625,7,0.0,821,814,0
821,218,Climate Change Policy Analysts,19-2041.01,49.1375,57.27,57.27,0.0,0.0,0,0,0,8,6,0,822,0.8579972062161692,9,0.0,822,813,0
822,367,Technical Writers,27-3042.00,49.9875,58.48,58.48,0.0,0.0,0,1,2,2,10,0,823,0.8547794117647058,11,0.0,823,812,0
823,237,Political Scientists,19-3094.00,42.7825,50.35,50.35,0.0,0.0,0,0,1,7,6,0,824,0.8497020854021846,12,0.0,824,812,0
824,601,Correspondence Clerks,43-4021.00,52.515,63.34,63.34,0.0,0.0,0,0,3,6,8,0,825,0.829096937164509,19,0.0,825,806,0
825,97,Financial Examiners,13-2061.00,54.91,66.62,66.62,0.0,0.0,0,0,0,12,5,0,826,0.8242269588712099,20,0.0,826,806,0
826,102,Financial Quantitative Analysts,13-2099.01,56.4225,69.2,69.2,0.0,0.0,0,0,0,15,6,0,827,0.8153540462427745,22,0.0,827,805,0
827,598,Procurement Clerks,43-3061.00,63.06,78.35000000000001,78.35000000000001,0.0,0.0,0,0,4,7,8,0,828,0.8048500319081046,30,0.0,828,798,0
828,91,Budget Analysts,13-2031.00,41.4675,51.58,51.58,0.0,0.0,0,0,1,8,4,0,829,0.8039453276463746,31,0.0,829,798,0
829,17,Quality Control Systems Managers,11-3051.01,84.62,105.26,105.26,0.0,0.0,0,0,2,17,8,0,830,0.8039141174235227,32,0.0,830,798,0
830,22,Purchasing Managers,11-3061.00,58.5975,72.93,72.93,0.0,0.0,0,0,1,12,5,0,831,0.8034759358288769,33,0.0,831,798,0
831,212,Astronomers,19-2011.00,53.3575,66.48,66.48,0.0,0.0,0,0,3,7,7,0,832,0.8026098074608905,34,0.0,832,798,0
832,1,Chief Sustainability Officers,11-1011.03,54.2575,67.63,67.63,0.0,0.0,0,0,0,14,4,0,833,0.8022697027946178,35,0.0,833,798,0
833,9,Administrative Services Managers,11-3012.00,31.4525,39.24,39.24,0.0,0.0,0,0,3,10,5,0,834,0.8015417940876656,36,0.0,834,798,0
834,131,Actuaries,15-2011.00,42.6725,53.24,53.24,0.0,0.0,0,0,0,12,3,0,835,0.8015120210368144,37,0.0,835,798,0
835,5,Marketing Managers,11-2021.00,54.6775,68.59,68.59,0.0,0.0,0,0,2,12,6,0,836,0.797164309666132,38,0.0,836,798,0
836,73,Logisticians,13-1081.00,66.5775,83.69,83.69,0.0,0.0,0,0,3,12,7,0,837,0.7955251523479508,39,0.0,837,798,0
837,625,"Production, Planning, and Expediting Clerks",43-5061.00,50.505,63.87,63.87,0.0,0.0,0,1,3,6,7,0,838,0.7907468294974167,40,0.0,838,798,0
838,77,Management Analysts,13-1111.00,34.2175,43.46,43.46,0.0,0.0,0,0,3,3,5,0,839,0.787333179935573,41,0.0,839,798,0
839,232,Sociologists,19-3041.00,45.995,58.46,58.46,0.0,0.0,0,1,2,6,6,0,840,0.7867772836127266,42,0.0,840,798,0
840,85,Sustainability Specialists,13-1199.05,42.1925,53.68,53.68,0.0,0.0,0,1,0,9,4,0,841,0.7860003725782415,43,0.0,841,798,0
841,40,Natural Sciences Managers,11-9121.00,47.57,60.72,60.72,0.0,0.0,0,0,2,10,4,0,842,0.7834321475625824,45,0.0,842,797,0
842,604,Customer Service Representatives,43-4051.00,41.13,52.7,52.7,0.0,0.0,0,0,3,5,5,0,843,0.7804554079696395,46,0.0,843,797,0
843,13,Financial Managers,11-3031.00,51.635,66.38,66.38,0.0,0.0,0,0,1,13,3,0,844,0.7778698403133474,47,0.0,844,797,0
844,8,Fundraising Managers,11-2033.00,46.475,59.87,59.87,0.0,0.0,0,0,2,10,4,0,845,0.776265241356272,49,0.0,845,796,0
845,10,Facilities Managers,11-3013.00,33.455,43.14,43.14,0.0,0.0,0,0,2,6,3,0,846,0.7754983773759851,50,0.0,846,796,0
846,80,"Compensation, Benefits, and Job Analysis Specialists",13-1141.00,58.0875,75.54,75.54,0.0,0.0,0,0,1,18,3,0,847,0.7689634630659252,52,0.0,847,795,0
847,0,Chief Executives,11-1011.00,93.905,122.48,122.48,0.0,0.0,0,0,0,29,2,0,848,0.7666966035271064,55,0.0,848,793,0
848,199,Biochemists and Biophysicists,19-1021.00,70.85,92.55,92.55,0.0,0.0,0,0,3,17,4,0,849,0.7655321447866018,57,0.0,849,792,0
849,98,Credit Counselors,13-2071.00,76.07,99.5,99.5,0.0,0.0,0,0,4,14,5,0,850,0.7645226130653265,58,0.0,850,792,0
850,67,Regulatory Affairs Specialists,13-1041.07,87.05,113.97,113.97,0.0,0.0,0,0,0,28,2,0,851,0.7637974905676932,59,0.0,851,792,0
851,827,Nuclear Power Reactor Operators,51-8011.00,64.065,83.91,83.91,0.0,0.0,0,0,0,18,1,0,852,0.763496603503754,60,0.0,852,792,0
852,53,Wind Energy Operations Managers,11-9199.09,48.6375,63.73,63.73,0.0,0.0,0,0,3,9,4,0,853,0.7631806056802134,61,0.0,853,792,0
853,243,Chemical Technicians,19-4031.00,48.665,63.9,63.9,0.0,0.0,0,1,0,12,3,0,854,0.7615805946791863,62,0.0,854,792,0
854,14,Treasurers and Controllers,11-3031.01,68.835,90.49,90.49,0.0,0.0,0,0,1,19,2,0,855,0.7606917891479721,63,0.0,855,792,0
855,577,"Securities, Commodities, and Financial Services Sales Agents",41-3031.00,85.8925,112.99,112.99,0.0,0.0,0,0,0,29,1,0,856,0.7601778918488362,64,0.0,856,792,0
856,226,Survey Researchers,19-3022.00,50.5875,66.55,66.55,0.0,0.0,0,0,4,7,5,0,857,0.7601427498121713,65,0.0,857,792,0
857,169,Nuclear Engineers,17-2161.00,59.185,77.88,77.88,0.0,0.0,0,0,0,19,1,0,858,0.7599512069851053,66,0.0,858,792,0
858,93,Financial and Investment Analysts,13-2051.00,19.75,26.0,26.0,0.0,0.0,0,0,3,19,4,0,859,0.7596153846153846,67,0.0,859,792,0
859,25,Compensation and Benefits Managers,11-3111.00,64.66,85.25,85.25,0.0,0.0,0,0,1,19,2,0,860,0.7584750733137829,68,0.0,860,792,0
860,210,Epidemiologists,19-1041.00,46.46,61.52,61.52,0.0,0.0,0,0,1,14,1,0,861,0.7552015604681405,69,0.0,861,792,0
861,31,"Education Administrators, Kindergarten through Secondary",11-9032.00,93.1325,124.15,124.15,0.0,0.0,0,0,3,26,3,0,862,0.7501610954490535,76,0.0,862,786,0
862,95,Insurance Underwriters,13-2053.00,22.035,29.38,29.38,0.0,0.0,0,0,0,7,0,0,863,0.75,78,0.0,863,785,0
863,272,"Administrative Law Judges, Adjudicators, and Hearing Officers",23-1021.00,45.27,60.36,60.36,0.0,0.0,0,0,0,14,0,0,864,0.7499999999999999,79,0.0,864,785,0
864,51,Compliance Managers,11-9199.02,85.8975,114.54,114.54,0.0,0.0,0,0,1,27,1,0,865,0.7499345206914614,80,0.0,865,785,0
865,593,Bill and Account Collectors,43-3011.00,46.6825,62.32,62.32,0.0,0.0,0,0,1,13,1,0,866,0.7490773427471117,81,0.0,866,785,0
866,62,Compliance Officers,13-1041.00,41.7675,55.78,55.78,0.0,0.0,0,0,1,14,1,0,867,0.7487898888490498,82,0.0,867,785,0
867,60,"Claims Adjusters, Examiners, and Investigators",13-1031.00,87.765,117.33,117.33,0.0,0.0,0,0,2,25,2,0,868,0.7480184096139095,83,0.0,868,785,0
868,278,"Computer Science Teachers, Postsecondary",25-1021.00,74.8075,100.84,100.84,0.0,0.0,0,2,5,12,7,0,869,0.7418435144783816,87,0.0,869,782,0
869,26,Human Resources Managers,11-3121.00,72.255,97.68,97.68,0.0,0.0,0,0,2,23,1,0,870,0.7397113022113021,91,0.0,870,779,0
870,365,Public Relations Specialists,27-3031.00,51.0975,69.21,69.21,0.0,0.0,0,0,3,13,2,0,871,0.738296488946684,92,0.0,871,779,0
871,270,Lawyers,23-1011.00,66.2575,89.81,89.81,0.0,0.0,0,0,1,21,0,0,872,0.7377519207215231,94,0.0,872,778,0
872,15,Investment Fund Managers,11-3031.03,59.6925,80.94,80.94,0.0,0.0,0,0,1,19,0,0,873,0.737490733876946,95,0.0,873,778,0
873,33,Architectural and Engineering Managers,11-9041.00,46.725,63.58,63.58,0.0,0.0,0,0,1,18,0,0,874,0.7349009122365524,98,0.0,874,776,0
874,282,"Agricultural Sciences Teachers, Postsecondary",25-1041.00,64.95,88.42,88.42,0.0,0.0,0,1,8,6,8,0,875,0.7345623162180502,99,0.0,875,776,0
875,276,"Title Examiners, Abstractors, and Searchers",23-2093.00,48.8775,66.57,66.57,0.0,0.0,0,0,1,15,0,0,876,0.7342271293375394,100,0.0,876,776,0
876,277,"Business Teachers, Postsecondary",25-1011.00,71.6225,97.77,97.77,0.0,0.0,0,2,5,12,6,0,877,0.7325611128157922,102,0.0,877,775,0
877,264,Health Education Specialists,21-1091.00,44.6925,61.07,61.07,0.0,0.0,0,1,3,8,4,0,878,0.731824136237105,103,0.0,878,775,0
878,52,Loss Prevention Managers,11-9199.08,75.0125,102.6,102.6,0.0,0.0,0,1,3,20,3,0,879,0.7311159844054581,104,0.0,879,775,0
879,273,"Arbitrators, Mediators, and Conciliators",23-1022.00,56.3675,77.12,77.12,0.0,0.0,0,1,2,14,3,0,880,0.7309063796680497,105,0.0,880,775,0
880,290,"Area, Ethnic, and Cultural Studies Teachers, Postsecondary",25-1062.00,63.9925,87.64,87.64,0.0,0.0,0,0,7,11,5,0,881,0.7301745778183478,108,0.0,881,773,0
881,309,"Family and Consumer Sciences Teachers, Postsecondary",25-1192.00,68.615,94.0,94.0,0.0,0.0,0,0,9,7,7,0,882,0.7299468085106382,110,0.0,882,772,0
882,197,Food Scientists and Technologists,19-1012.00,36.92,50.62,50.62,0.0,0.0,0,0,2,10,1,0,883,0.7293559857763731,111,0.0,883,772,0
883,72,Labor Relations Specialists,13-1075.00,74.41499999999999,102.46,102.46,0.0,0.0,0,0,3,24,1,0,884,0.7262834276790943,115,0.0,884,769,0
884,187,Environmental Engineering Technologists and Technicians,17-3025.00,69.3375,95.98,95.98,0.0,0.0,0,0,6,17,3,0,885,0.7224161283600751,122,0.0,885,763,0
885,64,Equal Opportunity Representatives and Officers,13-1041.03,52.65,72.98,72.98,0.0,0.0,0,0,2,16,0,0,886,0.7214305289120306,123,0.0,886,763,0
886,384,Dietitians and Nutritionists,29-1031.00,70.3475,97.96,97.96,0.0,0.0,0,2,4,18,4,0,887,0.7181247447937934,127,0.0,887,760,0
887,281,"Engineering Teachers, Postsecondary",25-1032.00,62.88,88.11,88.11,0.0,0.0,0,1,8,9,6,0,888,0.7136533878106911,131,0.0,888,757,0
888,295,"Sociology Teachers, Postsecondary",25-1067.00,62.915,88.33,88.33,0.0,0.0,0,1,10,7,6,0,889,0.7122721612136307,135,0.0,889,754,0
889,285,"Atmospheric, Earth, Marine, and Space Sciences Teachers, Postsecondary",25-1051.00,65.2525,91.72,91.72,0.0,0.0,0,1,11,5,9,0,890,0.7114315307457479,140,0.0,890,750,0
890,36,Gambling Managers,11-9071.00,57.5075,80.84,80.84,0.0,0.0,0,1,1,17,0,0,891,0.7113743196437406,141,0.0,891,750,0
891,233,Urban and Regional Planners,19-3051.00,59.7075,84.05,84.05,0.0,0.0,0,0,6,17,2,0,892,0.7103807257584771,143,0.0,892,749,0
892,423,Hospitalists,29-1229.02,44.6975,63.05,63.05,0.0,0.0,0,1,1,11,1,0,893,0.7089214908802538,146,0.0,893,747,0
893,280,"Architecture Teachers, Postsecondary",25-1031.00,60.805,86.1,86.1,0.0,0.0,0,2,6,8,6,0,894,0.7062137049941929,153,0.0,894,741,0
894,286,"Chemistry Teachers, Postsecondary",25-1052.00,75.325,106.76,106.76,0.0,0.0,0,2,9,10,7,0,895,0.7055545147995503,155,0.0,895,740,0
895,603,"Credit Authorizers, Checkers, and Clerks",43-4041.00,34.215,48.5,48.5,0.0,0.0,0,2,1,11,2,0,896,0.7054639175257733,156,0.0,896,740,0
896,310,"Recreation and Fitness Studies Teachers, Postsecondary",25-1193.00,61.785,88.72,88.72,0.0,0.0,0,0,10,8,5,0,897,0.6964044183949504,170,0.0,897,727,0
897,65,Government Property Inspectors and Investigators,13-1041.04,33.655,48.67,48.67,0.0,0.0,0,1,2,9,1,0,898,0.691493733305938,178,0.0,898,720,0
898,275,Paralegals and Legal Assistants,23-2011.00,29.9275,43.32,43.32,0.0,0.0,0,0,3,9,0,0,899,0.6908471837488458,181,0.0,899,718,0
899,45,Social and Community Service Managers,11-9151.00,43.23,62.65,62.65,0.0,0.0,0,0,4,12,0,0,900,0.6900239425379091,184,0.0,900,716,0
900,300,"Criminal Justice and Law Enforcement Teachers, Postsecondary",25-1111.00,59.61,87.29,87.29,0.0,0.0,0,4,5,7,7,0,901,0.6828960934814984,197,0.0,901,704,0
901,298,"Education Teachers, Postsecondary",25-1081.00,59.02,86.97,86.97,0.0,0.0,0,1,9,10,4,0,902,0.6786248131539612,199,0.0,902,703,0
902,632,Data Entry Keyers,43-9021.00,26.0325,38.48,38.48,0.0,0.0,0,2,1,4,2,0,903,0.6765202702702703,205,0.0,903,698,0
903,56,"Agents and Business Managers of Artists, Performers, and Athletes",13-1011.00,35.22,52.1,52.1,0.0,0.0,0,0,5,8,1,0,904,0.6760076775431861,206,0.0,904,698,0
904,449,Dietetic Technicians,29-2051.00,36.9,54.98,54.98,0.0,0.0,0,0,6,5,2,0,905,0.6711531465987631,214,0.0,905,691,0
905,605,"Eligibility Interviewers, Government Programs",43-4061.00,47.6125,71.49,71.49,0.0,0.0,0,3,2,10,2,0,906,0.6660022380752553,224,0.0,906,682,0
906,293,"Political Science Teachers, Postsecondary",25-1065.00,55.185,84.14,84.14,0.0,0.0,0,3,7,8,4,0,907,0.6558711671024483,248,0.0,907,659,0
907,71,Farm Labor Contractors,13-1074.00,18.9575,29.59,29.59,0.0,0.0,0,1,1,5,0,0,908,0.6406725245015208,275,0.0,908,633,0
908,259,Mental Health Counselors,21-1014.00,73.7625,115.35,115.35,0.0,0.0,0,2,8,17,0,0,909,0.6394668400520157,276,0.0,909,633,0
909,329,Archivists,25-4011.00,34.9225,54.87,54.87,0.0,0.0,0,0,7,5,1,0,910,0.6364589028613086,282,0.0,910,628,0
910,353,Talent Directors,27-2012.04,36.7675,57.81,57.81,0.0,0.0,0,2,5,6,2,0,911,0.636005881335409,284,0.0,911,627,0
911,349,Set and Exhibit Designers,27-1027.00,66.8375,105.64,105.64,0.0,0.0,0,0,14,11,2,0,912,0.6326912154486938,290,0.0,912,622,0
912,571,Gambling Change Persons and Booth Cashiers,41-2012.00,37.785,59.77,59.77,0.0,0.0,0,2,2,9,0,0,913,0.6321733311025597,294,0.0,913,619,0
913,228,Clinical and Counseling Psychologists,19-3033.00,73.515,116.56,116.56,0.0,0.0,0,1,12,16,1,0,914,0.6307052161976664,298,0.0,914,616,0
914,330,Curators,25-4012.00,34.1525,54.86,54.86,0.0,0.0,0,1,7,6,1,0,915,0.6225391906671528,309,0.0,915,606,0
915,288,"Physics Teachers, Postsecondary",25-1054.00,55.1525,88.71,88.71,0.0,0.0,0,4,9,7,4,0,916,0.6217168301206177,312,0.0,916,604,0
916,261,"Child, Family, and School Social Workers",21-1021.00,54.1775,87.32000000000001,87.32000000000001,0.0,0.0,0,1,9,11,0,0,917,0.6204477782867613,314,0.0,917,603,0
917,229,School Psychologists,19-3034.00,46.135,76.04,76.04,0.0,0.0,0,1,9,9,0,0,918,0.6067201472908994,334,0.0,918,584,0
918,258,Marriage and Family Therapists,21-1013.00,35.4275,59.93,59.93,0.0,0.0,0,1,7,7,0,0,919,0.5911480060070082,359,0.0,919,560,0
919,781,"Extruding and Drawing Machine Setters, Operators, and Tenders, Metal and Plastic",51-4021.00,35.1525,62.86,62.86,0.0,0.0,0,5,3,7,1,0,920,0.5592188991409482,400,0.0,920,520,0
920,398,Art Therapists,29-1129.01,54.1675,98.34,98.34,0.0,0.0,0,1,19,4,1,0,921,0.5508185885702664,418,0.0,921,503,0
921,321,"Special Education Teachers, Elementary School",25-2056.00,69.015,130.76,130.76,0.0,0.0,0,2,23,5,0,0,922,0.5277990211073723,447,0.0,922,475,0
922,485,Speech-Language Pathology Assistants,31-9099.01,23.2625,45.65,45.65,0.0,0.0,0,2,6,3,0,0,923,0.5095837897042717,467,0.0,923,456,0
